"number";"contractName";"name";"address";"position_latitude";"position_longitude";"banking";"bonus";"status";"lastUpdate";"connected";"bikes";"stands";"mechanicalBikes";"electricalBikes";"electricalInternalBatteryBikes";"electricalRemovableBatteryBikes";"capacity";"CodePostal"
"2010";"lyon";"2010 - CONFLUENCE / DARSE";"ANGLE ALLEE ANDRE MURE ET QUAI ANTOINE RIBOUD";45,743317;4,815747;TRUE;FALSE;"OPEN";"2024-03-17T13:32:46Z";TRUE;22;0;13;9;0;9;22;69002
"5015";"lyon";"5015 - FULCHIRON";"Devant le n°41 rue de la Quarantaine";45,75197;4,821662;TRUE;FALSE;"OPEN";"2024-03-17T13:33:08Z";TRUE;12;6;8;4;0;4;19;69005
"32001";"lyon";"32001 - COUZON - CENTRE";"";45,846034;4,832409;TRUE;FALSE;"OPEN";"2024-03-17T13:32:06Z";TRUE;12;5;8;4;0;4;17;69270
"6004";"lyon";"6004 - FOCH";"Angle rue Vendôme";45,768896;4,844845;TRUE;FALSE;"OPEN";"2024-03-17T13:29:36Z";TRUE;7;13;6;1;0;1;20;69006
"7035";"lyon";"7035 - MARSEILLE / UNIVERSITÉ";"Angle rue de Marseille";45,750945;4,83927;TRUE;FALSE;"OPEN";"2024-03-17T13:28:19Z";TRUE;35;4;19;17;0;17;40;69007
"10120";"lyon";"10120 - SALENGRO / DESCARTES";"41 AV. ROGER SALENGRO (VILLEURBANNE)";45,776239;4,871634;TRUE;FALSE;"OPEN";"2024-03-17T13:32:49Z";TRUE;8;7;2;6;0;6;15;69100
"5016";"lyon";"5016 - POINT DU JOUR / GRANGES";"Devant la mairie du 5°";45,756204;4,802727;FALSE;TRUE;"OPEN";"2024-03-17T13:33:42Z";TRUE;6;7;3;3;0;3;13;69005
"9013";"lyon";"9013 - QUAI PAUL SÉDALLIAN";"Angle rue de la Navigation";45,787522;4,814418;FALSE;FALSE;"OPEN";"2024-03-17T13:26:48Z";TRUE;1;18;2;0;0;0;20;69009
"10028";"lyon";"10028 - ECOLE DE MUSIQUE";"Cours de la République/Angle Anatole France";45,767467;4,874032;TRUE;FALSE;"OPEN";"2024-03-17T13:30:15Z";TRUE;22;2;13;9;0;9;24;69100
"6041";"lyon";"6041 - CITÉ INTERNATIONALE / TÊTE D'OR NORD";"50 QUAI ACHILLE LIGNON";45,78458;4,859664;FALSE;FALSE;"OPEN";"2024-03-17T13:33:02Z";TRUE;5;17;5;0;0;0;22;69100
"10011";"lyon";"10011 - GRATTE-CIEL";"174 COURS EMILE ZOLA";45,769226;4,880491;TRUE;FALSE;"OPEN";"2024-03-17T13:26:42Z";TRUE;12;4;1;11;0;11;16;69100
"15002";"lyon";"15002 - ST PRIEST - CITE BERLIET";"";45,70597;4,900886;FALSE;FALSE;"OPEN";"2024-03-17T13:27:02Z";TRUE;9;11;4;5;0;5;20;69800
"10005";"lyon";"10005 - 11 NOVEMBRE";"Face Entrée du Parc de la Tête d'Or**";45,779702;4,860029;TRUE;FALSE;"OPEN";"2024-03-17T13:31:02Z";TRUE;1;34;0;1;0;1;35;69100
"4012";"lyon";"4012 - PLACE ADRIEN GODIEN";"Angle montée de la Boucle";45,778767;4,841109;TRUE;FALSE;"OPEN";"2024-03-17T13:29:34Z";TRUE;0;29;1;0;0;0;30;69004
"11004";"lyon";"11004 - CALUIRE - BRANLY / PASTEUR";"";45,79169;4,843452;TRUE;FALSE;"OPEN";"2024-03-17T13:34:39Z";TRUE;0;15;0;0;0;0;15;69300
"16002";"lyon";"16002 - VÉNISSIEUX - LÉVY / VIENNE";"";45,719399;4,854681;FALSE;FALSE;"OPEN";"2024-03-17T13:32:09Z";TRUE;1;17;1;0;0;0;18;69200
"3009";"lyon";"3009 - MUSEE AFRICAIN";"133 COURS GAMBETTA";45,750251;4,857919;FALSE;FALSE;"OPEN";"2024-03-17T13:31:03Z";TRUE;14;8;7;7;0;7;22;69003
"10122";"lyon";"10122 - VERDUN / DESGRAND";"17 RUE DE VERDUN (VILLEURBANNE)";45,784023;4,897102;FALSE;FALSE;"CLOSED";"2024-03-17T13:33:32Z";TRUE;0;0;0;0;0;0;21;69100
"16001";"lyon";"16001 - VENISSIEUX - PLACE ROMAND";"";45,725891;4,858428;TRUE;FALSE;"OPEN";"2024-03-17T13:28:49Z";TRUE;18;2;8;10;0;10;20;69200
"7038";"lyon";"7038 - PLACE STALINGRAD";"Angle Rue de la Guillotiere";45,749622;4,85299;FALSE;FALSE;"OPEN";"2024-03-17T13:26:09Z";TRUE;2;11;0;2;0;2;13;69007
"10091";"lyon";"10091 - CHÂTEAU GAILLARD / FORT";"28 RUE DU CHÂTEAU GAILLARD (VILLEURBANNE)";45,774754;4,887977;TRUE;FALSE;"OPEN";"2024-03-17T13:33:18Z";TRUE;10;6;3;7;0;7;16;69100
"2021";"lyon";"2021 - RAMBAUD / ECOLE DU CINÉMA";"";45,745824;4,817176;FALSE;FALSE;"OPEN";"2024-03-17T13:29:40Z";TRUE;16;10;9;11;0;11;30;69002
"4025";"lyon";"4025 - CHAZIÈRE";"29 RUE CHAZIERE";45,775425;4,817888;FALSE;TRUE;"OPEN";"2024-03-17T13:25:03Z";TRUE;0;20;0;0;0;0;20;69004
"10113";"lyon";"10113 - GARE DE VILLEURBANNE";"49 AV. GENERAL LECLERC (VILLEURBANNE)";45,755768;4,891542;TRUE;FALSE;"OPEN";"2024-03-17T13:25:38Z";TRUE;0;22;0;0;0;0;22;69100
"4023";"lyon";"4023 - PONT MASARYK";"Face au 45 quai Gillet";45,778175;4,810716;TRUE;FALSE;"OPEN";"2024-03-17T13:33:40Z";TRUE;6;16;1;5;0;5;22;69004
"3066";"lyon";"3066 - KIMMERLING / FAURE";"139 AV. FELIX FAURE";45,754296;4,86359;FALSE;FALSE;"OPEN";"2024-03-17T13:33:14Z";TRUE;6;11;1;5;0;5;19;69003
"10111";"lyon";"10111 - CHARLES HERNU";"";45,770309;4,86196;FALSE;FALSE;"OPEN";"2024-03-17T13:30:26Z";TRUE;5;15;4;1;0;1;20;69006
"5040";"lyon";"5040 - PLACE CRÉPU";"7 PLACE BENOIT CREPU";45,757847;4,826103;TRUE;FALSE;"OPEN";"2024-03-17T13:34:41Z";TRUE;6;14;1;5;0;5;20;69005
"7008";"lyon";"7008 - JEAN JAURÈS / GUILLOTIÈRE";"Avenue Jean Jaurès - Angle rue de la Guillotière";45,75251;4,846278;TRUE;FALSE;"OPEN";"2024-03-17T13:34:12Z";TRUE;3;6;1;3;0;3;10;69007
"7024";"lyon";"7024 - BANCEL / CHEVREUL";"6 RUE BANCEL";45,748504;4,840505;TRUE;FALSE;"OPEN";"2024-03-17T13:34:46Z";TRUE;4;17;3;1;0;1;21;69007
"2023";"lyon";"2023 -  PERRACHE / PETIT";"Entre rue Victor Hugo et rue d'Auvergne";45,7444746076792;4,82671963006449;FALSE;FALSE;"OPEN";"2024-03-17T13:31:11Z";TRUE;13;5;10;3;0;3;18;69002
"8029";"lyon";"8029 - ETATS-UNIS / LÉVIGNE";"81 BVD DES Etats-Unis";45,732366;4,865101;FALSE;FALSE;"OPEN";"2024-03-17T13:25:00Z";TRUE;20;0;4;16;0;16;20;69008
"4004";"lyon";"4004 - HÉNON";"Angle rue Hénon";45,779786;4,827635;TRUE;TRUE;"OPEN";"2024-03-17T13:25:52Z";TRUE;1;21;1;0;0;0;22;69004
"8061";"lyon";"8061 - STADE VUILLERMET";"164 AV. PAUL SANTY";45,725403;4,881292;TRUE;FALSE;"OPEN";"2024-03-17T13:33:33Z";TRUE;6;12;4;2;0;2;18;69008
"1023";"lyon";"1023 - CROIX ROUSSE / PERFETTI";"16 BVD DE LA CROIX-ROUSSE";45,772229;4,819389;FALSE;TRUE;"OPEN";"2024-03-17T13:32:06Z";TRUE;9;11;8;1;0;1;20;69001
"7003";"lyon";"7003 - GAMBETTA / GARIBALDI";"Cours Gambette - Prolongement rue Rachais";45,751827;4,8526;TRUE;FALSE;"OPEN";"2024-03-17T13:29:31Z";TRUE;19;21;13;6;0;6;40;69007
"7030";"lyon";"7030 - QUARTIER GENERAL FRERE";"33 Boulevard Yves Farge 69007 Lyon";45,743163;4,834165;TRUE;FALSE;"OPEN";"2024-03-17T13:34:08Z";TRUE;13;17;8;5;0;5;30;69007
"6042";"lyon";"6042 - CITÉ INTERNATIONALE / RÉSIDENCE HÔTELIÈRE";"devant la résidence hôtelière à l'ouest de la place publique";45,784812;4,856432;TRUE;FALSE;"OPEN";"2024-03-17T13:34:25Z";TRUE;2;26;1;1;0;1;28;69006
"2013";"lyon";"2013 - CÉLESTINS";"Côté nord de la place, vers l'ascenseur";45,759932;4,832111;FALSE;FALSE;"OPEN";"2024-03-17T13:25:58Z";TRUE;7;3;2;5;0;5;22;69002
"3086";"lyon";"3086 - FEUILLAT / LACASSAGNE";"76 AV. LACASSAGNE";45,749563;4,875934;TRUE;FALSE;"OPEN";"2024-03-17T13:34:18Z";TRUE;4;12;3;1;0;1;16;69003
"8025";"lyon";"8025 - DUMONT / JOUVET";"12 RUE SANTOS DUMONT";45,744447;4,860889;FALSE;FALSE;"OPEN";"2024-03-17T13:25:32Z";TRUE;13;4;8;5;0;5;17;69008
"3050";"lyon";"3050 - FRICHE RVI";"5 rue Félix Rollet 69003 Lyon";45,748346;4,875955;FALSE;FALSE;"OPEN";"2024-03-17T13:32:51Z";TRUE;2;18;2;0;0;0;20;69003
"8056";"lyon";"8056 - DELORE / AUDIBERT ET LAVIROTTE";"69 RUE AUDIBERT ET LAVIROTTE";45,73586;4,856888;FALSE;FALSE;"OPEN";"2024-03-17T13:34:31Z";TRUE;13;5;7;6;0;6;18;69008
"10119";"lyon";"10119 - VILLEURBANNE SAINT-JEAN";"2 RUE DES ACACIAS VILLEURBANNE";45,780422;4,904505;TRUE;FALSE;"OPEN";"2024-03-17T13:30:22Z";TRUE;12;0;6;6;0;6;12;69100
"7053";"lyon";"7053 - JAURÈS / THIBAUDIÈRE";"26 RUE DE LA THIBAUDIERE";45,750344;4,845048;TRUE;FALSE;"OPEN";"2024-03-17T13:34:37Z";TRUE;23;4;10;13;0;13;28;69007
"3012";"lyon";"3012 - PLACE DU CHÂTEAU";"A côté de l'église";45,749565;4,887311;TRUE;FALSE;"OPEN";"2024-03-17T13:30:10Z";TRUE;1;24;1;0;0;0;25;69003
"4009";"lyon";"4009 - JACQUARD / DENFERT-ROCHEREAU";"Rue Denfert-Rochereau / Angle rue Jacquart";45,77591;4,825394;FALSE;TRUE;"OPEN";"2024-03-17T13:26:02Z";TRUE;0;14;0;0;0;0;14;69004
"10089";"lyon";"10089 - COLIN / PERRONCEL";"Rue Colin - Angle rue Alexis Perroncel";45,774581;4,87406;FALSE;FALSE;"OPEN";"2024-03-17T13:31:55Z";TRUE;15;0;10;5;0;5;15;69100
"1031";"lyon";"1031 - PLACE DE LA PAIX";"Place de la Paix - En face de La Poste";45,768023;4,831733;TRUE;FALSE;"OPEN";"2024-03-17T13:34:20Z";TRUE;0;19;1;0;0;0;20;69001
"3037";"lyon";"3037 - PAUL BERT / GARIBALDI";"Rue Paul Bert";45,757112;4,853405;TRUE;FALSE;"OPEN";"2024-03-17T13:29:27Z";TRUE;18;3;13;5;0;5;21;69003
"8035";"lyon";"8035 - SANS SOUCI";"54 COURS ALBERT THOMAS";45,747251;4,865386;TRUE;FALSE;"OPEN";"2024-03-17T13:30:32Z";TRUE;13;7;7;6;0;6;20;69008
"5045";"lyon";"5045 - VALDO / RIVET";"64 RUE JEUNET";45,750497;4,788819;TRUE;TRUE;"OPEN";"2024-03-17T13:29:51Z";TRUE;8;10;8;0;0;0;18;69005
"13001";"lyon";"13001 - DECINES - CENTRE";"";45,771902;4,955721;TRUE;FALSE;"OPEN";"2024-03-17T13:31:33Z";TRUE;7;13;7;0;0;0;20;69150
"6035";"lyon";"6035 - CITÉ INTERNATIONALE";"Face parvis du palais des congrès";45,785456;4,854085;FALSE;FALSE;"OPEN";"2024-03-17T13:27:51Z";TRUE;1;20;1;0;0;0;21;69006
"1036";"lyon";"1036 - AVEYRON";"158 BVD DE LA CROIX-ROUSSE";45,774366;4,832716;TRUE;TRUE;"OPEN";"2024-03-17T13:26:28Z";TRUE;0;17;0;0;0;0;17;69004
"6022";"lyon";"6022 - PLACE MARÉCHAL LYAUTEY";"Pierre Corneille/cours Franklin Roosevelt";45,769383;4,842364;TRUE;FALSE;"OPEN";"2024-03-17T13:25:25Z";TRUE;0;20;0;0;0;0;20;69006
"9020";"lyon";"9020 - BOURBONNAIS";"Angle rue Horand / rue Masset";45,773468;4,800286;TRUE;FALSE;"OPEN";"2024-03-17T13:32:32Z";TRUE;9;3;4;5;0;5;12;69009
"2027";"lyon";"2027 - PERRACHE EST";"";45,746163;4,82548;FALSE;FALSE;"OPEN";"2024-03-17T13:25:11Z";TRUE;18;2;10;8;0;8;20;69002
"2016";"lyon";"2016 - PLACE REGAUD";"Angle rue Tupin / rue Herriot";45,763065;4,83425;TRUE;FALSE;"OPEN";"2024-03-17T13:34:58Z";TRUE;7;5;7;0;0;0;12;69002
"3080";"lyon";"3080 - PART-DIEU / VILLETTE";"55 RUE DE LA VILLETTE";45,760042;4,861734;TRUE;FALSE;"OPEN";"2024-03-17T13:30:42Z";TRUE;11;18;6;6;0;6;30;69003
"5029";"lyon";"5029 - PLACE GERSON";"Prox. Quai Pierre Scize";45,767057;4,827014;FALSE;FALSE;"OPEN";"2024-03-17T13:26:20Z";TRUE;1;19;1;0;0;0;20;69005
"2004";"lyon";"2004 - PERRACHE / CARNOT";"16 PLACE CARNOT";45,750116;4,82801;TRUE;FALSE;"OPEN";"2024-03-17T13:28:37Z";TRUE;18;0;14;4;0;4;18;69002
"14001";"lyon";"14001 - BRON - CENTRE NAUTIQUE";"";45,742932;4,90863;FALSE;FALSE;"OPEN";"2024-03-17T13:34:06Z";TRUE;12;1;6;6;0;6;13;69500
"7009";"lyon";"7009 - JEAN JAURÈS";"174–180 Avenue Jean Jaurès 69007 Lyon";45,737503;4,837484;TRUE;FALSE;"OPEN";"2024-03-17T13:33:04Z";TRUE;15;1;8;7;0;7;16;69007
"7045";"lyon";"7045 - PARC DES BERGES";"40 AV. LECLERC";45,737745;4,824495;TRUE;FALSE;"OPEN";"2024-03-17T13:33:10Z";TRUE;15;10;8;7;0;7;25;69007
"3101";"lyon";"3101 - PATINOIRE BARABAN";"55 RUE DE BARABAN";45,762055;4,868486;TRUE;FALSE;"OPEN";"2024-03-17T13:33:39Z";TRUE;6;13;2;4;0;4;20;69003
"4021";"lyon";"4021 - TABAREAU";"Angle Bvd de la Croix-Rousse";45,774061;4,82516;FALSE;TRUE;"OPEN";"2024-03-17T13:31:42Z";TRUE;1;9;1;0;0;0;10;69004
"3103";"lyon";"3103 - PLACE DANTON";"3 PLACE DANTON";45,7548502313005;4,85748756866509;TRUE;FALSE;"OPEN";"2024-03-17T13:34:44Z";TRUE;15;3;2;13;0;13;18;69003
"6031";"lyon";"6031 - LAFAYETTE / CORNEILLE";"Angle cours Lafayette";45,763717;4,843791;TRUE;FALSE;"OPEN";"2024-03-17T13:32:18Z";TRUE;4;9;3;1;0;1;13;69006
"9049";"lyon";"9049 - SERGENT BERTHET / GORGE DE LOUP";"23 RUE GORGE DE LOUP";45,770136;4,80516;FALSE;FALSE;"OPEN";"2024-03-17T13:26:09Z";TRUE;7;9;5;2;0;2;16;69009
"3017";"lyon";"3017 - SAXE / DUNOIR";"";45,760912;4,845291;TRUE;FALSE;"OPEN";"2024-03-17T13:31:22Z";TRUE;1;36;1;0;0;0;37;69003
"9009";"lyon";"9009 - BERLIOZ / CHALINEL";"";45,801192;4,825451;FALSE;TRUE;"OPEN";"2024-03-17T13:28:34Z";TRUE;7;8;6;1;0;1;15;69009
"10021";"lyon";"10021 - GRANDCLÉMENT";"Angle cours Tolstoï";45,759743;4,889938;TRUE;FALSE;"OPEN";"2024-03-17T13:32:17Z";TRUE;13;6;8;5;0;5;19;69100
"7023";"lyon";"7023 - BERTHELOT / ROUTE DE VIENNE";"Route de Vienne - Angle avenue Berthelot";45,742639;4,850538;TRUE;FALSE;"OPEN";"2024-03-17T13:34:42Z";TRUE;5;10;1;4;0;4;15;69007
"6044";"lyon";"6044 - CHARMETTES / BELLECOMBE";"23 RUE DE LA VIABERT";45,766372;4,865058;TRUE;FALSE;"OPEN";"2024-03-17T13:31:05Z";TRUE;13;2;7;6;0;6;16;69006
"3008";"lyon";"3008 - INSTITUT LUMIERE";"105 COURS ALBERT THOMAS";45,745828;4,870631;TRUE;FALSE;"OPEN";"2024-03-17T13:32:10Z";TRUE;6;12;1;5;0;5;18;69003
"8042";"lyon";"8042 - FRANCIS DE PRESSENSÉ";"73 RUE CAZENEUVE";45,731361;4,860139;FALSE;FALSE;"OPEN";"2024-03-17T13:25:55Z";TRUE;18;3;14;4;0;4;22;69008
"9044";"lyon";"9044 - MASSET / SAINT-PIERRE DE VAISE";"20 AV. JOANNES MASSET";45,770508;4,800869;FALSE;FALSE;"OPEN";"2024-03-17T13:28:07Z";TRUE;15;1;10;5;0;5;16;69009
"28001";"lyon";"28001 - FONTAINES S/S - QUAI SIMON";"";45,832495;4,848795;TRUE;FALSE;"OPEN";"2024-03-17T13:28:08Z";TRUE;17;3;14;3;0;3;20;69270
"10075";"lyon";"10075 - GABRIEL PÉRI";"Angle cours André Philip";45,772277;4,865774;FALSE;FALSE;"OPEN";"2024-03-17T13:28:48Z";TRUE;5;7;4;1;0;1;12;69100
"4006";"lyon";"4006 - PHILIPPE DE LASSALLE";"Angle rue Anselme, face à l'IUFM";45,773358;4,821234;FALSE;TRUE;"OPEN";"2024-03-17T13:28:42Z";TRUE;1;22;1;0;0;0;23;69004
"6017";"lyon";"6017 - LAFAYETTE / INKERMANN";"";45,764062;4,865802;TRUE;FALSE;"OPEN";"2024-03-17T13:32:50Z";TRUE;23;7;11;12;0;12;30;69006
"2036";"lyon";"2036 - PLACE ANTONIN GOURJU";"11 PLACE ANTONIN GOURJU";45,759494;4,830161;TRUE;FALSE;"OPEN";"2024-03-17T13:31:13Z";TRUE;25;5;17;8;0;8;30;69002
"6002";"lyon";"6002 - PORTE DES ENFANTS DU RHÔNE";"Le long des grilles, côté ouest de la porte";45,777521;4,844922;TRUE;FALSE;"OPEN";"2024-03-17T13:34:59Z";TRUE;13;27;2;11;0;11;40;69006
"6032";"lyon";"6032 - PRÉFECTURE / SARRAIL";"Angle rue Vauban";45,764821;4,841567;TRUE;FALSE;"OPEN";"2024-03-17T13:33:15Z";TRUE;3;17;1;2;0;2;20;69006
"8055";"lyon";"8055 - SAINT-ROMAIN / BERLIET";"";45,74222;4,860219;TRUE;FALSE;"OPEN";"2024-03-17T13:34:01Z";TRUE;14;6;8;6;0;6;20;69008
"7033";"lyon";"7033 - SAINT-LUC / SAINT-JOSEPH";"Sur le quai haut";45,749431;4,834816;TRUE;FALSE;"OPEN";"2024-03-17T13:33:57Z";TRUE;19;14;12;7;0;7;33;69007
"10016";"lyon";"10016 - PLACE DE LA PAIX";"10 PLACE DE LA PAIX (VILLEURBANNE)";45,752074;4,91466;FALSE;FALSE;"OPEN";"2024-03-17T13:28:27Z";TRUE;6;11;6;0;0;0;17;69100
"7041";"lyon";"7041 - DOMER / CHEVREUL";"Rue Domer/angle rue Chevreul";45,746681;4,844455;FALSE;FALSE;"OPEN";"2024-03-17T13:32:44Z";TRUE;11;1;5;6;0;6;12;69007
"3090";"lyon";"3090 - VINATIER";"";45,741922;4,894068;TRUE;FALSE;"OPEN";"2024-03-17T13:31:01Z";TRUE;2;18;1;1;0;1;20;69500
"8008";"lyon";"8008 - BEAUVISAGE / PRESSENSÉ";"Rue du Professeur Beauvisage";45,727881;4,86355;FALSE;FALSE;"OPEN";"2024-03-17T13:30:59Z";TRUE;17;0;3;14;0;14;17;69008
"3071";"lyon";"3071 - BIOPARC";"angle ave Rockfeller / cours Eugénie face au Bioparc";45,740492;4,888084;FALSE;FALSE;"OPEN";"2024-03-17T13:26:07Z";TRUE;0;20;0;0;0;0;20;69003
"5006";"lyon";"5006 - QUAI ROMAIN ROLLAND";"Face ancien Palais de Justice";45,7620452080746;4,82872732991442;TRUE;FALSE;"OPEN";"2024-03-17T13:29:33Z";TRUE;13;3;11;3;0;3;17;69005
"10014";"lyon";"10014 - LAURENT BONNEVAY / ASTROBALLE";"64 AV. MARCEL CERDAN";45,765214;4,909808;FALSE;FALSE;"OPEN";"2024-03-17T13:25:46Z";TRUE;3;23;0;3;0;3;28;69100
"10004";"lyon";"10004 - TONKIN";"Rue Salvador Allende / Angle promenade du Lys";45,776217;4,862636;FALSE;FALSE;"OPEN";"2024-03-17T13:31:21Z";TRUE;1;9;0;1;0;1;10;69100
"1013";"lyon";"1013 - MARTINIÈRE";"Rue de la Martinière";45,768223;4,827533;TRUE;FALSE;"OPEN";"2024-03-17T13:26:18Z";TRUE;2;9;2;0;0;0;11;69001
"26001";"lyon";"26001 - ST DIDIER";"";45,791621;4,808426;FALSE;FALSE;"OPEN";"2024-03-17T13:26:09Z";TRUE;7;10;7;0;0;0;17;69370
"9010";"lyon";"9010 - PISCINE DE VAISE";"37 AV. SIDOINE APOLLINAIRE";45,771034;4,79644;FALSE;FALSE;"OPEN";"2024-03-17T13:35:00Z";TRUE;10;9;5;5;0;5;19;69009
"6028";"lyon";"6028 - RÉCAMIER / TÊTE D'OR";"Angle rue Tête d'Or";45,764345;4,853492;FALSE;FALSE;"OPEN";"2024-03-17T13:30:48Z";TRUE;5;11;3;2;0;2;16;69006
"10034";"lyon";"10034 - DOCTEUR DAMIDOT";"Devant la MJC";45,761825;4,886156;FALSE;FALSE;"OPEN";"2024-03-17T13:25:08Z";TRUE;18;0;8;10;0;10;18;69100
"3058";"lyon";"3058 - PLACE DU LAC";"Face à la poste";45,758974;4,853599;FALSE;FALSE;"OPEN";"2024-03-17T13:25:31Z";TRUE;7;12;3;4;0;4;19;69003
"6045";"lyon";"6045 - BROTTEAUX / VAUBAN";"44 BVD DES BROTTEAUX";45,766284;4,856848;TRUE;FALSE;"OPEN";"2024-03-17T13:32:38Z";TRUE;11;4;8;3;0;3;15;69006
"5047";"lyon";"5047 - ALBÉRIC PONT";"2B RUE DR. ALBERIC PONT";45,753452;4,804401;FALSE;FALSE;"OPEN";"2024-03-17T13:30:26Z";TRUE;10;6;10;0;0;0;16;69005
"8053";"lyon";"8053 - LUMIERE / TROUILHET";"6 RUE ANTOINE LUMIERE";45,743569;4,870083;FALSE;FALSE;"OPEN";"2024-03-17T13:34:55Z";TRUE;4;12;4;0;0;0;16;69008
"9008";"lyon";"9008 - L'ILE BARBE";"3 QUAI PAUL SEDAILLAN";45,797415;4,829038;TRUE;FALSE;"OPEN";"2024-03-17T13:27:15Z";TRUE;7;9;3;4;0;4;16;69009
"9046";"lyon";"9046 - MANGINI";"";45,790414;4,816359;TRUE;FALSE;"OPEN";"2024-03-17T13:34:47Z";TRUE;1;23;0;1;0;1;24;69009
"4042";"lyon";"4042 - GREGORY COUPET";"94 RUE PHILIPPE DE LASALLE";45,781699;4,820596;FALSE;TRUE;"OPEN";"2024-03-17T13:28:32Z";TRUE;0;16;0;0;0;0;16;69004
"10053";"lyon";"10053 - ROSSELINI / 11 NOVEMBRE";"Bd du 11 novembre angle av. Claude Bernard";45,77939;4,863068;FALSE;FALSE;"OPEN";"2024-03-17T13:31:36Z";TRUE;1;29;0;1;0;1;30;69100
"6039";"lyon";"6039 - GARIBALDI / BUGEAUD";"";45,766708;4,852073;TRUE;FALSE;"OPEN";"2024-03-17T13:30:52Z";TRUE;3;17;3;0;0;0;20;69006
"10110";"lyon";"10110 - MÉMOIRE ET SOCIÉTÉ";"20 RUE VALENTIN HAUY (VILLEURBANNE)";45,75958;4,882739;FALSE;FALSE;"OPEN";"2024-03-17T13:27:35Z";TRUE;18;6;9;9;0;9;24;69100
"6021";"lyon";"6021 - GARIBALDI";"Entre rue Crillon et rue Sully";45,770664;4,849946;FALSE;FALSE;"OPEN";"2024-03-17T13:33:20Z";TRUE;0;11;0;0;0;0;11;69006
"5053";"lyon";"5053 - SAINT-JUST";"1 PLACE DE L'ABBE LARUE";45,75597;4,818904;FALSE;TRUE;"OPEN";"2024-03-17T13:25:59Z";TRUE;3;15;3;0;0;0;18;69005
"8058";"lyon";"8058 - LONGEFER / KRUGER";"10 RUE PDT P. KRUGER";45,738671;4,878117;FALSE;FALSE;"OPEN";"2024-03-17T13:30:23Z";TRUE;8;8;4;4;0;4;16;69008
"2037";"lyon";"2037 - PLACE DES ARCHIVES";"12 COURS CHARLEMAGNE";45,747956;4,824898;TRUE;FALSE;"OPEN";"2024-03-17T13:32:31Z";TRUE;0;40;0;0;0;0;40;69002
"14004";"lyon";"14004 - BRON - MAIRIE";"";45,73403;4,908777;TRUE;FALSE;"OPEN";"2024-03-17T13:34:50Z";TRUE;2;21;0;2;0;2;23;69500
"2026";"lyon";"2026 - RÉPUBLIQUE / PAUFIQUE";"Angle rue de la République";45,759379;4,835414;FALSE;FALSE;"OPEN";"2024-03-17T13:33:48Z";TRUE;13;15;3;10;0;10;28;69002
"22001";"lyon";"22001 - STE FOY - PLACE ST LUC";"";45,749588;4,800967;TRUE;FALSE;"OPEN";"2024-03-17T13:27:45Z";TRUE;5;10;5;0;0;0;15;69110
"9003";"lyon";"9003 - PLACE VALMY";"Rue Roquette / angle rue de Bourgogne";45,775679;4,805314;FALSE;FALSE;"OPEN";"2024-03-17T13:35:02Z";TRUE;14;2;3;11;0;11;16;69009
"2038";"lyon";"2038 - REMPARTS D'AINAY";"16 RUE DES REMPARTS D'AINAY";45,753077;4,829706;FALSE;FALSE;"OPEN";"2024-03-17T13:26:55Z";TRUE;8;16;0;8;0;8;24;69002
"8054";"lyon";"8054 - MARTINIÈRE / MONPLAISIR";"34 RUE ANTOINE LUMIERE";45,740865;4,868244;TRUE;FALSE;"OPEN";"2024-03-17T13:30:36Z";TRUE;4;15;4;0;0;0;20;69008
"7039";"lyon";"7039 - GUILLOTIÈRE / MADELEINE";"Angle rue de la Madeleine";45,751073;4,848018;FALSE;FALSE;"OPEN";"2024-03-17T13:27:31Z";TRUE;4;6;4;0;0;0;10;69007
"2012";"lyon";"2012 - GAILLETON";"3 PLACE GAILLETON";45,753455;4,833367;FALSE;FALSE;"OPEN";"2024-03-17T13:25:08Z";TRUE;9;6;5;4;0;4;16;69002
"7006";"lyon";"7006 - GERLAND";"Avenue Jean Jaurès - Au niveau du square Galtier";45,727494;4,831145;TRUE;FALSE;"OPEN";"2024-03-17T13:28:41Z";TRUE;36;4;20;16;0;16;40;69007
"8023";"lyon";"8023 - MERMOZ / PINEL";"";45,730788;4,887513;TRUE;FALSE;"OPEN";"2024-03-17T13:33:02Z";TRUE;0;23;0;0;0;0;23;69008
"8011";"lyon";"8011 - PLACE LEBRET";"Côté route de Vienne";45,735653;4,853042;FALSE;FALSE;"OPEN";"2024-03-17T13:33:54Z";TRUE;0;14;0;0;0;0;14;69008
"1006";"lyon";"1006- SUBSISTANCES";"12 QUAI ST VINCENT";45,767912;4,819872;FALSE;FALSE;"OPEN";"2024-03-17T13:34:55Z";TRUE;17;3;6;11;0;11;22;69001
"4002";"lyon";"4002 - MAIRIE DU 4E";"Devant la mairie du 4°";45,774193;4,827743;TRUE;TRUE;"OPEN";"2024-03-17T13:34:18Z";TRUE;0;20;0;0;0;0;20;69004
"20003";"lyon";"20003 - OULLINS - PONT BLANC";"";45,720156;4,798426;FALSE;FALSE;"OPEN";"2024-03-17T13:25:16Z";TRUE;14;10;1;13;0;13;24;69600
"3081";"lyon";"3081 - PART-DIEU / FRANCFORT";"44 RUE MAURICE FLANDIN 69003 LYON";45,760689;4,863069;TRUE;FALSE;"OPEN";"2024-03-17T13:31:34Z";TRUE;27;1;14;13;0;13;28;69003
"4007";"lyon";"4007 - PLACE FLAMMARION";"Côté Rue Philippe de Lassalle";45,779332;4,820259;FALSE;TRUE;"OPEN";"2024-03-17T13:34:39Z";TRUE;5;13;5;0;0;0;18;69004
"30002";"lyon";"30002 - RILLIEUX - LOUP PENDU";"";45,815973;4,887019;FALSE;TRUE;"OPEN";"2024-03-17T13:31:27Z";TRUE;6;12;4;2;0;2;18;69140
"3011";"lyon";"3011 - PART-DIEU / CUIRASSIERS";"";45,75991;4,857555;TRUE;FALSE;"OPEN";"2024-03-17T13:34:53Z";TRUE;4;55;1;3;0;3;59;69003
"10092";"lyon";"10092 - MONTGOLFIER / CHATEAU GAILLARD";"3 RUE DU CHAMP DE L'ORME (VILLEURBANNE)";45,771561;4,890378;FALSE;FALSE;"OPEN";"2024-03-17T13:34:06Z";TRUE;7;10;5;2;0;2;17;69100
"10024";"lyon";"10024 - MAISONS NEUVES";"Place des Maisons Neuves/Côté rue Jean Jaurès";45,755988;4,877409;TRUE;FALSE;"OPEN";"2024-03-17T13:34:07Z";TRUE;1;22;1;0;0;0;23;69100
"1034";"lyon";"1034 - CARMÉLITES";"30 MONTEE DES CARMELITES";45,770006;4,829274;FALSE;FALSE;"OPEN";"2024-03-17T13:34:13Z";TRUE;1;15;1;0;0;0;16;69001
"3013";"lyon";"3013 - PLACE ANTOINETTE";"Place Antoinette";45,753683;4,889285;FALSE;FALSE;"OPEN";"2024-03-17T13:32:47Z";TRUE;0;20;1;0;0;0;21;69003
"10008";"lyon";"10008 - SALENGRO / VAILLANT";"Rue Roger Salengro - Angle rue Vaillant";45,778385;4,879673;TRUE;FALSE;"OPEN";"2024-03-17T13:34:23Z";TRUE;7;17;5;2;0;2;24;69100
"3083";"lyon";"3083 - LES HALLES";"118 RUE MONCEY";45,761595;4,850477;FALSE;FALSE;"OPEN";"2024-03-17T13:32:28Z";TRUE;16;2;11;5;0;5;18;69003
"6024";"lyon";"6024 - TRONCHET / ANATOLE FRANCE";"Angle bvd Anatole France";45,770743;4,856713;FALSE;FALSE;"OPEN";"2024-03-17T13:27:55Z";TRUE;10;0;7;3;0;3;10;69006
"8006";"lyon";"8006 - PLACE DU 8 MAI 1945";"Rue Professeur Beauvisage/Angle bd des Etats-Unis";45,729771;4,868157;FALSE;FALSE;"OPEN";"2024-03-17T13:29:24Z";TRUE;17;3;10;7;0;7;20;69008
"23001";"lyon";"23001 - TASSIN - TUILERIES";"";45,763244;4,778641;TRUE;TRUE;"OPEN";"2024-03-17T13:27:50Z";TRUE;3;9;2;1;0;1;12;69160
"9052";"lyon";"9052 - BALMONT";"360 BVD DE BALMONT";45,789194;4,799308;FALSE;TRUE;"OPEN";"2024-03-17T13:34:29Z";TRUE;7;5;7;0;0;0;12;69009
"12002";"lyon";"12002 - VAULX - POUDRETTE / LA SOIE";"Face au 2 rue de la Poudrette, Vaulx en Velin";45,76438;4,919276;FALSE;FALSE;"OPEN";"2024-03-17T13:31:43Z";TRUE;5;15;4;1;0;1;20;69100
"6033";"lyon";"6033 - CRÉQUI / LAFAYETTE";"153 RUE CREQUI";45,763755;4,847082;FALSE;FALSE;"OPEN";"2024-03-17T13:29:26Z";TRUE;0;15;0;0;0;0;15;69006
"10012";"lyon";"10012 - ZOLA / FRANCE";"Rue de France/Angle Cours Emile Zola";45,767957;4,887232;FALSE;FALSE;"OPEN";"2024-03-17T13:28:22Z";TRUE;11;5;8;3;0;3;16;69100
"10123";"lyon";"10123 - SAINT JEAN CANAL";"";45,776646;4,902366;FALSE;FALSE;"OPEN";"2024-03-17T09:43:39Z";FALSE;8;4;4;4;0;4;12;69100
"4022";"lyon";"4022 - PLACE DE LA CROIX-ROUSSE";"Prox. Grande rue de la Croix-Rousse";45,77608;4,832543;FALSE;TRUE;"OPEN";"2024-03-17T13:32:18Z";TRUE;0;21;0;0;0;0;21;69004
"10047";"lyon";"10047 - LHERMINIER / PRESSENSÉ";"Avenue du Cdt Lherminier/Angle rue F. de Pressensé";45,771143;4,88504;FALSE;FALSE;"OPEN";"2024-03-17T13:32:03Z";TRUE;11;3;4;7;0;7;15;69100
"10049";"lyon";"10049 - BORNE TEST A. THOMAS";"Borne test Albert Thomas";45,7481858411998;4,86445471733799;TRUE;FALSE;"OPEN";"2024-03-17T13:26:31Z";TRUE;0;1;0;0;0;0;0;69003
"7021";"lyon";"7021 - CHALLEMEL LACOUR / GERLAND";"176–180 Rue de Gerland 69007 Lyon";45,729791;4,838138;FALSE;FALSE;"OPEN";"2024-03-17T13:31:48Z";TRUE;1;11;0;1;0;1;12;69007
"3004";"lyon";"3004 - BOURSE DU TRAVAIL";"Angle rue Moncey / Part-Dieu";45,759648;4,848139;TRUE;FALSE;"OPEN";"2024-03-17T13:33:24Z";TRUE;7;20;5;2;0;2;27;69003
"3016";"lyon";"3016 - LIBERTÉ / PART-DIEU";"Angle rue de la Part-Dieu";45,759361;4,842308;TRUE;FALSE;"OPEN";"2024-03-17T13:31:17Z";TRUE;7;11;4;3;0;3;18;69003
"2003";"lyon";"2003 - PLACE AMPÈRE";"Angle Henry IV";45,753049;4,828297;FALSE;FALSE;"OPEN";"2024-03-17T13:32:39Z";TRUE;9;1;5;4;0;4;10;69002
"7017";"lyon";"7017 - BEAUVOIR / MAROT";"";45,73674;4,834106;FALSE;FALSE;"OPEN";"2024-03-17T13:33:45Z";TRUE;20;0;9;11;0;11;20;69007
"19001";"lyon";"19001 - ST GENIS L. - MÉDIATHÈQUE";"";45,697863;4,794658;TRUE;TRUE;"OPEN";"2024-03-17T13:32:34Z";TRUE;0;12;0;0;0;0;12;69230
"6003";"lyon";"6003 - AVENUE VERGUIN";"Devant l'entrée du parc";45,772846;4,856274;TRUE;FALSE;"OPEN";"2024-03-17T13:32:28Z";TRUE;12;8;7;5;0;5;20;69006
"7015";"lyon";"7015 - TECHSUD";"Rue professeur Jean Bernard angle Boulevard Chambaud de la Bruyère Lyon 7";45,7228;4,842706;FALSE;FALSE;"OPEN";"2024-03-17T13:25:47Z";TRUE;1;11;0;1;0;1;12;69007
"8024";"lyon";"8024 - MERMOZ / MICHELET";"Angle av Michelet";45,733317;4,878607;FALSE;FALSE;"OPEN";"2024-03-17T13:29:34Z";TRUE;8;4;4;4;0;4;12;69008
"7026";"lyon";"7026 - BALDASSINI / GERLAND";"";45,727691;4,837392;FALSE;FALSE;"OPEN";"2024-03-17T13:31:50Z";TRUE;1;19;0;1;0;1;20;69007
"24001";"lyon";"24001 - ECULLY - MAIRIE";"";45,775112;4,778531;TRUE;TRUE;"OPEN";"2024-03-17T13:34:44Z";TRUE;7;5;4;3;0;3;12;69130
"7007";"lyon";"7007 - FARGE / AYASSE";"Angle Bld Y. Farge / rue Commandant Ayasse";45,735741;4,827725;FALSE;FALSE;"OPEN";"2024-03-17T13:30:59Z";TRUE;18;2;11;7;0;7;20;69007
"8038";"lyon";"8038 - ALBERT THOMAS / VILLON";"Angle rue Villon";45,746691;4,867501;FALSE;FALSE;"OPEN";"2024-03-17T13:32:15Z";TRUE;18;2;7;11;0;11;20;69008
"10072";"lyon";"10072 - JACQUES BREL";"Rue Jacques Brel/angle rue Korel";45,774228;4,864269;FALSE;FALSE;"OPEN";"2024-03-17T13:27:17Z";TRUE;0;23;0;0;0;0;23;69100
"18001";"lyon";"18001 - PIERRE BÉNITE - EUROPE";"";45,703245;4,821204;TRUE;FALSE;"OPEN";"2024-03-17T13:31:46Z";TRUE;12;3;5;7;0;7;15;69310
"6020";"lyon";"6020 - MUSÉE GUIMET";"Angle rue Morellet";45,774526;4,848443;TRUE;FALSE;"OPEN";"2024-03-17T13:33:41Z";TRUE;4;11;3;1;0;1;15;69006
"12001";"lyon";"12001 - VAULX - LA SOIE";"45 RUE DE LA POUDRETTE (VILLEURBANNE)";45,760908;4,920569;TRUE;FALSE;"OPEN";"2024-03-17T13:26:55Z";TRUE;0;24;0;1;0;1;25;69100
"10055";"lyon";"10055 - CONDORCET / GALLINE";"Avenue Galline/angle av. de Condorcet";45,776428;4,866976;FALSE;FALSE;"OPEN";"2024-03-17T13:26:50Z";TRUE;10;5;7;3;0;3;15;69100
"6025";"lyon";"6025 - PLACE D'HELVÉTIE";"";45,773232;4,841949;TRUE;FALSE;"OPEN";"2024-03-17T13:29:35Z";TRUE;0;30;0;0;0;0;30;69006
"3094";"lyon";"3094 - VILLETTE";"74 RUE DE LA VILLETTE";45,757808;4,861512;TRUE;FALSE;"OPEN";"2024-03-17T13:30:39Z";TRUE;23;14;19;5;0;5;38;69003
"5044";"lyon";"5044 - CHAMPVERT";"87 RUE DOCTEUR EDMOND LOCARD";45,760056;4,798366;TRUE;TRUE;"OPEN";"2024-03-17T13:29:11Z";TRUE;4;11;4;0;0;0;15;69005
"3069";"lyon";"3069 - DAUPHINÉ / SAINT-MAXIMIN";"";45,750002;4,864587;FALSE;FALSE;"OPEN";"2024-03-17T13:25:55Z";TRUE;18;12;9;9;0;9;30;69003
"10006";"lyon";"10006 - CHARPENNES";"Place Charles Hernu / côté sud";45,770225;4,863102;TRUE;FALSE;"OPEN";"2024-03-17T13:32:08Z";TRUE;18;28;11;7;0;7;46;69100
"9011";"lyon";"9011 - CONSERVATOIRE";"Quai Chauveau / angle Pont Koenig";45,769803;4,812681;TRUE;FALSE;"OPEN";"2024-03-17T13:26:05Z";TRUE;11;8;10;1;0;1;19;69009
"21001";"lyon";"21001 - LA MULATIERE - AQUARIUM";"";45,727309;4,814779;TRUE;FALSE;"OPEN";"2024-03-17T13:28:56Z";TRUE;19;5;10;9;0;9;24;69350
"9015";"lyon";"9015 - SAINT-CYR";"";45,782855;4,807288;FALSE;FALSE;"OPEN";"2024-03-17T13:28:39Z";TRUE;24;6;13;11;0;11;30;69009
"6012";"lyon";"6012 - PLACE PUVIS DE CHAVANNES";"Angle rue Vendôme";45,771794;4,84459;FALSE;FALSE;"OPEN";"2024-03-17T13:30:03Z";TRUE;1;9;1;0;0;0;10;69006
"8009";"lyon";"8009 - JEAN XXIII / MERMOZ";"Boulevard Jean XXIII - Angle de la rue Mermoz";45,73648;4,869789;TRUE;FALSE;"OPEN";"2024-03-17T13:31:41Z";TRUE;9;10;2;8;0;8;20;69008
"10073";"lyon";"10073 - INSTITUT D'ART CONTEMPORAIN";"Rue Docteur Dolard / Angle rue 4 Septembre";45,761468;4,872466;FALSE;FALSE;"OPEN";"2024-03-17T13:27:22Z";TRUE;21;3;14;7;0;7;25;69100
"2035";"lyon";"2035 - CHILDEBERT / RIVIÈRE";"";45,759842;4,835776;TRUE;FALSE;"OPEN";"2024-03-17T13:29:49Z";TRUE;5;17;5;0;0;0;23;69002
"9014";"lyon";"9014 - QUAI DU COMMERCE";"Angle rue Emile Duport";45,7820006188352;4,81043960203213;TRUE;FALSE;"OPEN";"2024-03-17T13:27:32Z";TRUE;9;21;0;9;0;9;30;69009
"3097";"lyon";"3097 - AUGAGNEUR / FOSSE AUX OURS";"28 QUAI VICTOR AUGAGNEUR";45,757192;4,840495;TRUE;FALSE;"OPEN";"2024-03-17T13:32:11Z";TRUE;7;31;7;2;0;2;40;69003
"3035";"lyon";"3035 - PHILOMENE MAGNIN";"";45,752453;4,858785;TRUE;FALSE;"OPEN";"2024-03-17T13:26:13Z";TRUE;17;7;8;9;0;9;24;69003
"9022";"lyon";"9022 - MASARYK / SAINT-CYR";"Angle rue Chinard/rue St Cyr";45,778639;4,8071;FALSE;FALSE;"OPEN";"2024-03-17T13:31:12Z";TRUE;6;7;3;3;0;3;13;69009
"3138";"lyon";"3138 - VIVIER MERLE / PAUL BERT OUEST";"Devant l'hôtel IBIS";45,757484;4,858386;FALSE;FALSE;"OPEN";"2024-03-17T13:32:04Z";TRUE;7;9;3;5;0;5;19;69003
"10112";"lyon";"10112 - PLACE DE LA RECONNAISSANCE";"105 ROUTE DE GENAS (VILLEURBANNE)";45,754415;4,885249;TRUE;FALSE;"OPEN";"2024-03-17T13:31:53Z";TRUE;0;30;0;2;0;2;32;69003
"4024";"lyon";"4024 - LYON METROPOLE";"FACE AU 81 QUAI JOSEPH GILLET";45,788204;4,818572;TRUE;FALSE;"OPEN";"2024-03-17T13:26:49Z";TRUE;20;5;9;11;0;11;25;69004
"15001";"lyon";"15001 - ST PRIEST - PARC TECHNOLOGIQUE";"";45,714426;4,930975;TRUE;FALSE;"OPEN";"2024-03-17T13:31:50Z";TRUE;10;10;10;0;0;0;20;69800
"8041";"lyon";"8041 - ETATS-UNIS / VIVIANI";"170 Boulevard des Etats-Unis, Angle Avenue Viviani, direction Venissieux";45,724775;4,870745;TRUE;FALSE;"OPEN";"2024-03-17T13:26:27Z";TRUE;19;1;16;3;0;3;20;69008
"2008";"lyon";"2008 - PLACE ANTONIN PONCET";"Côté rue des Marroniers";45,756775;4,833917;TRUE;FALSE;"OPEN";"2024-03-17T13:33:27Z";TRUE;22;17;13;9;0;9;40;69002
"7019";"lyon";"7019 - CROIX BARRET / BOURDEIX";"";45,736722;4,841079;FALSE;FALSE;"OPEN";"2024-03-17T13:34:28Z";TRUE;32;0;16;16;0;16;32;69007
"1";"lyon";"00001 - BORNE SOLAIRE";"Borne solaire n°1";45,7684049534445;4,98134678522698;FALSE;FALSE;"OPEN";"2024-03-17T13:30:21Z";TRUE;0;99;0;0;0;0;103;69150
"1005";"lyon";"1005 - MEISSONNIER";"Place Meissonier - Angle Sud-Est de la place";45,766073;4,832849;FALSE;FALSE;"OPEN";"2024-03-17T13:33:21Z";TRUE;6;10;2;4;0;4;16;69001
"6040";"lyon";"6040 - LES HALLES";"71 COURS LAFAYETTE";45,764013;4,849933;TRUE;FALSE;"OPEN";"2024-03-17T13:32:48Z";TRUE;0;15;0;0;0;0;15;69006
"10044";"lyon";"10044 - ROCARD OCTAVIE";"";45,7809037283842;4,88958755288143;FALSE;FALSE;"OPEN";"2024-03-17T13:32:24Z";TRUE;19;4;9;10;0;10;25;69100
"2022";"lyon";"2022 - PLACE CARNOT";"Angle rue Plessier";45,751233;4,82688;TRUE;FALSE;"OPEN";"2024-03-17T13:33:50Z";TRUE;20;10;12;8;0;8;30;69002
"4014";"lyon";"4014 - PHILIPPE DE LASSALLE / PILLEMENT";"Angle rue Pillement";45,777431;4,820526;FALSE;TRUE;"OPEN";"2024-03-17T13:29:22Z";TRUE;0;13;0;0;0;0;13;69004
"7036";"lyon";"7036 - GRYPHE / MONTESQUIEU";"";45,751902;4,843812;TRUE;FALSE;"OPEN";"2024-03-17T13:30:13Z";TRUE;9;16;2;7;0;7;25;69007
"9029";"lyon";"9029 - SAINT PIERRE DE VAISE";"Place Vanderpol/Angle St Pierre de Vaise";45,773125;4,807831;FALSE;FALSE;"OPEN";"2024-03-17T13:32:18Z";TRUE;13;2;12;1;0;1;15;69009
"3099";"lyon";"3099 - PLACE SAINTE ANNE";"10 PLACE SAINTE ANNE";45,757042;4,86532;TRUE;FALSE;"OPEN";"2024-03-17T13:28:51Z";TRUE;6;11;2;5;0;5;18;69003
"8001";"lyon";"8001 - UNIVERSITÉ LYON III";"Devant entrée principale de l'université";45,748535;4,861533;TRUE;FALSE;"OPEN";"2024-03-17T13:34:56Z";TRUE;14;22;11;3;0;3;36;69008
"3005";"lyon";"3005 - SAXE / GAMBETTA";"Place Victor Basch";45,75377;4,848043;TRUE;FALSE;"OPEN";"2024-03-17T13:32:52Z";TRUE;23;3;12;11;0;11;26;69003
"555";"lyon";"0-555 - ATELIER VÉLO'V";"";45,780403;4,904869;FALSE;FALSE;"OPEN";"2024-03-17T13:30:50Z";TRUE;3;0;2;1;0;1;3;69100
"8033";"lyon";"8033 - BERTHELOT / CAZENEUVE";"";45,737481;4,865503;FALSE;FALSE;"OPEN";"2024-03-17T13:28:51Z";TRUE;7;13;6;1;0;1;20;69008
"10058";"lyon";"10058 - MÉTRO FLACHET";"274 COURS EMILE ZOLA (VILLEURBANNE)";45,767051;4,892467;TRUE;FALSE;"OPEN";"2024-03-17T13:33:16Z";TRUE;11;11;3;8;0;8;22;69100
"8010";"lyon";"8010 - PLACE MENDÈS FRANCE";"95 AV. DE L'EUROPE";45,740052;4,85941;TRUE;FALSE;"OPEN";"2024-03-17T13:34:36Z";TRUE;10;10;6;4;0;4;20;69008
"3067";"lyon";"3067 - HACHETTE";"6 RUE JEAN RENOIR";45,752907;4,863923;FALSE;FALSE;"OPEN";"2024-03-17T13:27:59Z";TRUE;14;1;4;10;0;10;15;69003
"7055";"lyon";"7055 - SERVANT / JABOULAY";"23 RUE RENAN";45,746779;4,842051;FALSE;FALSE;"OPEN";"2024-03-17T13:34:58Z";TRUE;16;0;7;9;0;9;16;69007
"17002";"lyon";"17002 - ST FONS - 4 CHEMINS";"";45,708561;4,854821;TRUE;FALSE;"OPEN";"2024-03-17T13:29:11Z";TRUE;4;7;2;2;0;2;11;69190
"5002";"lyon";"5002 - PLACE DES COMPAGNONS DE LA CHANSON";"Angle rue des Aqueducs";45,756535;4,796616;FALSE;TRUE;"OPEN";"2024-03-17T13:25:59Z";TRUE;1;17;1;0;0;0;18;69005
"10084";"lyon";"10084 - DOUA / AVENUE DES ARTS";"84 avenue des Arts";45,783533;4,871294;TRUE;FALSE;"OPEN";"2024-03-17T13:27:24Z";TRUE;9;21;5;4;0;4;30;69100
"9042";"lyon";"9042 - VAISE DOCKS";"39 rue des Docks Lyon 9";45,786533;4,811446;FALSE;FALSE;"OPEN";"2024-03-17T13:26:57Z";TRUE;4;15;2;2;0;2;19;69009
"7013";"lyon";"7013 - HALLE TONY GARNIER";"93–131 Avenue Tony Garnier 69007 Lyon";45,730786;4,823733;TRUE;FALSE;"CLOSED";"2024-03-17T13:25:26Z";TRUE;0;1;0;0;0;0;20;69007
"14003";"lyon";"14003 - BRON - PLACE CURIAL";"";45,736633;4,917009;FALSE;FALSE;"OPEN";"2024-03-17T13:34:31Z";TRUE;8;17;4;4;0;4;25;69500
"11003";"lyon";"11003 - CALUIRE - LA ROCHETTE";"Quai Gillet au  niveau de la place de la Rochette. Caluire et Cuire.";45,791748;4,823595;FALSE;FALSE;"OPEN";"2024-03-17T13:31:55Z";TRUE;17;3;11;6;0;6;20;69300
"3039";"lyon";"3039 - PLACE BIR-HAKEIM";"Au niveau de la rue Duvivier";45,752553;4,855756;FALSE;FALSE;"OPEN";"2024-03-17T13:32:49Z";TRUE;10;8;4;6;0;6;19;69003
"3053";"lyon";"3053 - GAMBETTA / JUSSERAND";"Angle cours Gambetta";45,751123;4,855604;TRUE;FALSE;"OPEN";"2024-03-17T13:32:26Z";TRUE;6;6;3;3;0;3;13;69003
"2040";"lyon";"2040 - ST ANTOINE / GRENETTE";"12 QUAI ST AINTOINE";45,7633761875017;4,83212534541183;FALSE;FALSE;"OPEN";"2024-03-17T13:33:00Z";TRUE;2;21;1;1;0;1;23;69002
"20002";"lyon";"20002 - OULLINS - MAIRIE";"";45,714039;4,806642;TRUE;FALSE;"OPEN";"2024-03-17T13:34:09Z";TRUE;13;5;5;8;0;8;18;69600
"2024";"lyon";"2024 - RÉPUBLIQUE / MAUPIN";"Entre Herriot et République";45,758733;4,834136;FALSE;FALSE;"OPEN";"2024-03-17T13:33:22Z";TRUE;15;10;11;4;0;4;25;69002
"1035";"lyon";"1035 - QUAI LASSAGNE";"3 QUAI ANDRE LASSAGNE";45,772191;4,837917;TRUE;FALSE;"OPEN";"2024-03-17T13:26:26Z";TRUE;0;16;0;0;0;0;16;69001
"2014";"lyon";"2014 - JACOBINS";"3 RUE JEAN DE TOURNES";45,760762;4,834305;TRUE;FALSE;"OPEN";"2024-03-17T13:27:58Z";TRUE;0;26;0;0;0;0;26;69002
"6037";"lyon";"6037 - CITÉ INTERNATIONALE / INTERPOL";"Allée A. Lignon";45,782287;4,849378;TRUE;FALSE;"OPEN";"2024-03-17T13:30:02Z";TRUE;2;25;2;0;0;0;27;69006
"10083";"lyon";"10083 - CHATEAU GAILLARD / BIENVENUS";"2 RUE DES BIENVENUS";45,777873;4,884238;FALSE;FALSE;"OPEN";"2024-03-17T13:27:07Z";TRUE;9;5;8;2;0;2;15;69100
"2017";"lyon";"2017 - RÉPUBLIQUE / FERRANDIÈRE";"Rue de la République";45,762184;4,836023;TRUE;FALSE;"OPEN";"2024-03-17T13:25:48Z";TRUE;6;19;6;0;0;0;25;69002
"8057";"lyon";"8057 - VIENNE / MONTAGNY";"184 ROUTE DE VIENNE";45,732483;4,853406;FALSE;FALSE;"OPEN";"2024-03-17T13:29:49Z";TRUE;9;11;7;2;0;2;20;69008
"3051";"lyon";"3051 - PLACE HENRI";"Angle rue Docteur Long/av. Lacassagne";45,748193;4,880641;FALSE;FALSE;"OPEN";"2024-03-17T13:33:51Z";TRUE;3;10;2;1;0;1;13;69003
"7014";"lyon";"7014 - MARSEILLE / FÉLISSENT";"Rue Felissent, angle rue de Marseille";45,752989;4,841417;TRUE;FALSE;"OPEN";"2024-03-17T13:28:56Z";TRUE;24;5;16;9;0;9;30;69007
"8007";"lyon";"8007 - FRÈRES LUMIÈRE";"Angle rue Villon";45,745018;4,866424;TRUE;FALSE;"OPEN";"2024-03-17T13:30:11Z";TRUE;14;1;5;9;0;9;15;69008
"9006";"lyon";"9006 - THÉÂTRE NOUVELLE GÉNÉRATION";"Rue Tissot / angle rue de Bourgogne";45,777287;4,803297;TRUE;FALSE;"OPEN";"2024-03-17T13:25:55Z";TRUE;16;0;9;7;0;7;16;69009
"10032";"lyon";"10032 - PRIMAT / DECORPS";"Rue Antoine Primat/Angle rue Decorps";45,757173;4,89998;FALSE;FALSE;"OPEN";"2024-03-17T13:28:33Z";TRUE;0;13;0;0;0;0;13;69100
"8021";"lyon";"8021 - PAUL SANTY";"Place Général André - Face au 126 avenue Paul Santy";45,728542;4,877279;FALSE;FALSE;"OPEN";"2024-03-17T13:27:10Z";TRUE;11;5;4;7;0;7;16;69008
"2001";"lyon";"2001 - BELLECOUR / RÉPUBLIQUE";"Angle République / rue de la Barre";45,758;4,834594;TRUE;FALSE;"OPEN";"2024-03-17T13:34:28Z";TRUE;14;4;8;6;0;6;18;69002
"2028";"lyon";"2028 - SAINTE-BLANDINE";"Face station tram Ste Blandine";45,744438;4,822152;FALSE;FALSE;"OPEN";"2024-03-17T13:29:01Z";TRUE;9;7;5;4;0;4;16;69002
"2006";"lyon";"2006 - PLACE DE L'HIPPODROME";"Angle cours Charlemagne";45,745528;4,82359;TRUE;FALSE;"OPEN";"2024-03-17T13:29:16Z";TRUE;23;1;13;10;0;10;24;69002
"3021";"lyon";"3021 - PLACE DE LA FERRANDIÈRE";"Intersection Ferrandière/Jasseron";45,759488;4,869346;FALSE;FALSE;"OPEN";"2024-03-17T13:34:22Z";TRUE;9;11;2;7;0;7;20;69003
"8059";"lyon";"8059 - LAENNEC / PINEL";"173 BVD PINEL (BRON)";45,735375;4,88954;FALSE;FALSE;"OPEN";"2024-03-17T13:30:09Z";TRUE;0;15;0;0;0;0;15;69008
"1003";"lyon";"1003 - PLACE SATHONAY";"6 PLACE SATHONAY";45,769289;4,830127;TRUE;FALSE;"OPEN";"2024-03-17T13:27:53Z";TRUE;3;19;3;0;0;0;22;69001
"2009";"lyon";"2009 - CONFLUENCE / DOCKS";"Sur l'esplanade entre la rue Hrant Dink et le 40 quai Rambaud";45,739652;4,814984;TRUE;FALSE;"OPEN";"2024-03-17T13:33:27Z";TRUE;24;2;14;10;0;10;26;69002
"2011";"lyon";"2011 - SALA / RUE DU PLAT";"Face à la faculté catholique";45,756813;4,828342;FALSE;FALSE;"OPEN";"2024-03-17T13:27:08Z";TRUE;12;2;4;8;0;8;14;69002
"1001";"lyon";"1001 - TERREAUX / TERME";"Angle rue d'Algérie";45,767736;4,832114;TRUE;FALSE;"OPEN";"2024-03-17T13:34:57Z";TRUE;10;6;7;3;0;3;16;69001
"1016";"lyon";"1016 - PÊCHERIE";"Rue de la Platière - Angle quai de la Pêcherie";45,765944;4,831089;FALSE;FALSE;"OPEN";"2024-03-17T13:27:04Z";TRUE;3;14;2;1;0;1;17;69001
"7056";"lyon";"7056 - PLACE RASPAIL";"4 PLACE RASPAIL";45,755783;4,840745;TRUE;FALSE;"OPEN";"2024-03-17T13:33:27Z";TRUE;7;13;6;3;0;3;22;69007
"10103";"lyon";"10103 - DOUA / RUE DES SPORTS";"103 ave des Arts / rue des Sports";45,784526;4,877482;FALSE;FALSE;"OPEN";"2024-03-17T13:34:35Z";TRUE;19;11;11;8;0;8;30;69100
"10080";"lyon";"10080 - VAILLANT / PERRONCEL";"96 RUE ALEXIS PERRONCEL (VILLEURBANNE)";45,775409;4,880261;FALSE;FALSE;"OPEN";"2024-03-17T13:25:01Z";TRUE;9;8;6;3;0;3;17;69100
"5032";"lyon";"5032 - MÉNIVAL / EISENHOWER";"";45,756757;4,783206;FALSE;FALSE;"OPEN";"2024-03-17T13:28:55Z";TRUE;4;8;3;1;0;1;12;69005
"3070";"lyon";"3070 - REBATEL / SAINT-MAXIMIN";"";45,747835;4,872261;FALSE;FALSE;"OPEN";"2024-03-17T13:26:48Z";TRUE;1;29;1;0;0;0;30;69003
"10074";"lyon";"10074 - ZOLA / PASSAGE REY";"Cours E. Zola / Angle passage Rey";45,770099;4,876728;FALSE;FALSE;"OPEN";"2024-03-17T13:27:33Z";TRUE;12;7;6;6;0;6;19;69100
"8015";"lyon";"8015 - JEAN XXIII";"RUE MARYSE BASTIE";45,740324;4,874192;FALSE;FALSE;"OPEN";"2024-03-17T13:35:03Z";TRUE;5;11;5;0;0;0;16;69008
"3089";"lyon";"3089 - TRARIEUX / LACASSAGNE";"221 AV. LACASSAGNE";45,745304;4,888964;TRUE;FALSE;"OPEN";"2024-03-17T13:28:23Z";TRUE;7;17;6;1;0;1;24;69003
"5055";"lyon";"5055 - BUYER / APOLLINAIRE";"101 AV. BARTHELEMY BUYER";45,762013;4,802751;FALSE;TRUE;"OPEN";"2024-03-17T13:34:38Z";TRUE;0;22;0;0;0;0;22;69005
"10048";"lyon";"10048 - PLACE MARENGO";"52 AV. MARC SANGNIER (VILLEURBANNE)";45,759176;4,875958;FALSE;FALSE;"OPEN";"2024-03-17T13:30:20Z";TRUE;7;20;0;7;0;7;27;69100
"10115";"lyon";"10115 - PLACE D'ESPAGNE / STADE KRUGER";"173 AV. PAUL KRUGER (VILLEURBANNE)";45,754181;4,90528;TRUE;FALSE;"OPEN";"2024-03-17T13:26:51Z";TRUE;5;17;0;5;0;5;22;69100
"10045";"lyon";"10045 - ALSACE ANATOLE FRANCE";"";45,766921;4,870087;FALSE;FALSE;"OPEN";"2024-03-17T13:33:47Z";TRUE;18;2;8;10;0;10;20;69100
"3085";"lyon";"3085 - SACRE COEUR";"66 RUE ANTOINE CHARIAL";45,757864;4,868337;TRUE;FALSE;"OPEN";"2024-03-17T13:28:50Z";TRUE;1;15;1;0;0;0;16;69003
"3024";"lyon";"3024 - ROCKEFELLER / ESQUIROL";"Intersection Rockefeller / Esquirol";45,741336;4,885538;FALSE;FALSE;"OPEN";"2024-03-17T13:26:42Z";TRUE;0;19;0;0;0;0;19;69003
"2041";"lyon";"2041 - SALA / CHARITÉ";"44 RUE SALA";45,754468;4,833041;FALSE;FALSE;"OPEN";"2024-03-17T13:29:16Z";TRUE;18;3;5;13;0;13;21;69002
"10086";"lyon";"10086 - ANATOLE FRANCE";"Angle Rue de Préssensé / Flachet";45,769837;4,889629;FALSE;FALSE;"OPEN";"2024-03-17T13:33:58Z";TRUE;10;0;8;2;0;2;10;69100
"7011";"lyon";"7011 - BERTHELOT / GARIBALDI";"Rue Garibaldi - Angle avenue Berthelot";45,743756;4,847406;TRUE;FALSE;"OPEN";"2024-03-17T13:25:35Z";TRUE;5;10;2;3;0;3;15;69007
"10117";"lyon";"10117 - LA PERRALIÈRE";"166 RUE DU QUATRE AOUT (VILLEURBANNE)";45,764567;4,892349;FALSE;FALSE;"OPEN";"2024-03-17T13:29:52Z";TRUE;14;8;5;9;0;9;22;69100
"9041";"lyon";"9041 - CARRET / SÉDALLIAN";"10 QUAI PAUL SEDAILLAN";45,792478;4,820567;FALSE;FALSE;"OPEN";"2024-03-17T13:26:08Z";TRUE;10;8;4;6;0;6;18;69009
"9043";"lyon";"9043 - MARIETTON OUEST";"";45,776087;4,799725;FALSE;FALSE;"OPEN";"2024-03-17T13:33:26Z";TRUE;10;10;5;5;0;5;20;69009
"1024";"lyon";"1024 - ROUVILLE";"PLACE ROUVILLE";45,769684;4,824607;FALSE;FALSE;"OPEN";"2024-03-17T13:32:07Z";TRUE;0;17;0;0;0;0;17;69001
"10035";"lyon";"10035 - BOIRON GRANGER";"43 RUE PIERRE BARATIN (VILLEURBANNE)";45,763139;4,900492;FALSE;FALSE;"OPEN";"2024-03-17T13:26:46Z";TRUE;2;14;2;0;0;0;16;69100
"5005";"lyon";"5005 - SAINT-PAUL";"Près de la gare de St Paul";45,766278;4,827425;TRUE;FALSE;"OPEN";"2024-03-17T13:31:26Z";TRUE;12;9;5;7;0;7;23;69005
"4041";"lyon";"4041 - BOUSSANGES / AUSTERLITZ";"25 RUE D'AUSTERLITZ";45,775070841112;4,83549930268728;FALSE;TRUE;"OPEN";"2024-03-17T13:26:56Z";TRUE;0;18;0;0;0;0;18;69004
"6043";"lyon";"6043 - CITÉ INTERNATIONALE / CINÉMA";"80 QUAI CHARLES DE GAULLE";45,784698;4,851896;FALSE;FALSE;"OPEN";"2024-03-17T13:34:17Z";TRUE;2;30;1;1;0;1;32;69006
"3088";"lyon";"3088 - PLACE GUICHARD";"65 RUE MAZENOD";45,75882;4,846453;FALSE;FALSE;"OPEN";"2024-03-17T13:26:56Z";TRUE;9;7;9;0;0;0;16;69003
"10059";"lyon";"10059 - ANATOLE FRANCE / ZOLA";"Rue Anatole France";45,76884;4,884276;FALSE;FALSE;"OPEN";"2024-03-17T13:29:46Z";TRUE;10;3;7;3;0;3;13;69100
"8040";"lyon";"8040 - AMBROISE PARÉ";"Face au 54 Boulevard Ambroise Paré";45,736289;4,883667;TRUE;FALSE;"OPEN";"2024-03-17T13:33:57Z";TRUE;2;22;0;2;0;2;24;69008
"9040";"lyon";"9040 - PLACE RHODIACETA";"1 PLACE DE LA RHODIACETA";45,770991;4,807578;FALSE;FALSE;"OPEN";"2024-03-17T13:34:02Z";TRUE;4;8;2;2;0;2;12;69009
"6016";"lyon";"6016 - VIABERT / THIERS";"Angle avenue Thiers";45,766032;4,862063;FALSE;FALSE;"OPEN";"2024-03-17T13:30:27Z";TRUE;0;16;0;0;0;0;16;69006
"6008";"lyon";"6008 - PLACE JULES FERRY";"17 PLACE JULES FERRY";45,7684;4,858972;TRUE;FALSE;"OPEN";"2024-03-17T13:34:37Z";TRUE;11;9;10;1;0;1;20;69006
"2019";"lyon";"2019 - SUCRIERE";"";45,736216;4,815348;TRUE;FALSE;"OPEN";"2024-03-17T13:32:35Z";TRUE;10;9;9;1;0;1;20;69002
"5004";"lyon";"5004 - SAINT-JEAN";"Entre la cathédrale et le funiculaire";45,760468;4,826548;TRUE;FALSE;"OPEN";"2024-03-17T13:31:36Z";TRUE;38;0;20;19;0;19;39;69005
"10030";"lyon";"10030 - GREUZE";"126 RUE DU 8 MAI 1945 (VILLEURBANNE)";45,773845;4,893851;FALSE;FALSE;"OPEN";"2024-03-17T13:27:56Z";TRUE;2;16;2;0;0;0;18;69100
"10118";"lyon";"10118 - VOYANT / CHAMBFORT";"99 RUE PIERRE VOYANT (VILLEURBANNE)";45,767194;4,900597;FALSE;FALSE;"OPEN";"2024-03-17T13:30:31Z";TRUE;18;4;7;11;0;11;22;69100
"8060";"lyon";"8060 - SANTY / BEAUVISAGE";"";45,731708;4,874205;FALSE;FALSE;"OPEN";"2024-03-17T13:32:19Z";TRUE;9;8;7;2;0;2;17;69008
"1022";"lyon";"1022 - PLACE TOLOZAN";"Place Tolozan - Angle nord-est de la place";45,769508;4,837495;TRUE;FALSE;"OPEN";"2024-03-17T13:35:00Z";TRUE;8;27;6;3;0;3;36;69001
"3031";"lyon";"3031 - CORNEILLE / SERVIENT";"Angle rue Servient";45,759906;4,844511;FALSE;FALSE;"OPEN";"2024-03-17T13:26:48Z";TRUE;3;10;2;1;0;1;13;69003
"10001";"lyon";"10001 - IUT / FEYSSINE";"rue de la Technologie";45,785632;4,882366;FALSE;FALSE;"OPEN";"2024-03-17T13:31:15Z";TRUE;16;14;10;6;0;6;30;69100
"3043";"lyon";"3043 - PLACE ROUGET DE L'ISLE";"Avenue Lacassagne";45,753975;4,867336;TRUE;FALSE;"OPEN";"2024-03-17T13:33:08Z";TRUE;2;14;2;0;0;0;16;69003
"6001";"lyon";"6001 - GARE DES BROTTEAUX";"Place Jules Ferry angle rue Général Brosset face à la gare des Brotteaux";45,766893;4,858922;TRUE;FALSE;"OPEN";"2024-03-17T13:27:48Z";TRUE;6;10;4;2;0;2;16;69006
"20001";"lyon";"20001 - OULLINS - GARE";"";45,717001;4,814072;TRUE;FALSE;"OPEN";"2024-03-17T13:33:30Z";TRUE;32;7;14;19;0;19;40;69600
"10114";"lyon";"10114 - BEL AIR / LES BROSSES";"2 AV. DU BEL AIR (VILLEURBANNE)";45,757931;4,910776;FALSE;FALSE;"OPEN";"2024-03-17T13:27:19Z";TRUE;3;17;3;0;0;0;20;69100
"4008";"lyon";"4008 - CLOS SAVARON";"";45,782631;4,825576;FALSE;TRUE;"OPEN";"2024-03-17T13:29:24Z";TRUE;0;19;1;0;0;0;20;69004
"10071";"lyon";"10071 - LYCÉE MARIE CURIE";"64 BVD EUGENE REGUILLON (VILLEURBANNE)";45,761532;4,895763;FALSE;FALSE;"OPEN";"2024-03-17T13:33:28Z";TRUE;15;0;9;6;0;6;15;69100
"10038";"lyon";"10038 - CONDORCET";"Bvd 11 Nov./prox. arret tram Condorcet";45,779062;4,866874;TRUE;FALSE;"OPEN";"2024-03-17T13:29:40Z";TRUE;0;23;0;0;0;0;23;69100
"10060";"lyon";"10060 - SAINT EXUPÉRY";"Avenue Antoine Saint Exupery";45,758874;4,878683;FALSE;FALSE;"OPEN";"2024-03-17T13:29:17Z";TRUE;11;4;4;7;0;7;15;69100
"4005";"lyon";"4005 - PLACE BERTONE";"Rue du Chariot d'Or";45,77762;4,83453;FALSE;TRUE;"CLOSED";"2024-03-17T13:28:19Z";TRUE;0;0;0;0;0;0;12;69004
"7031";"lyon";"7031 - JAURÈS / GERLAND";"42 Rue de Gerland 69007 Lyon";45,739827;4,840308;FALSE;FALSE;"OPEN";"2024-03-17T13:30:56Z";TRUE;19;1;8;11;0;11;20;69007
"9050";"lyon";"9050 - ALLEE DE L'EUROPE";"AVENUE DU PLATEAU";45,783698;4,794485;FALSE;TRUE;"OPEN";"2024-03-17T13:26:15Z";TRUE;8;4;8;0;0;0;12;69009
"10087";"lyon";"10087 - BARATIN";"Face au 115 rue Pierre Baratin";45,760603;4,900702;TRUE;FALSE;"OPEN";"2024-03-17T13:32:16Z";TRUE;3;9;1;2;0;2;12;69100
"4026";"lyon";"4026 - BIRMINGHAM";"Avenue Birmingham, sortie tunnel mode doux côté Saöne - 69000 Lyon";45,774632;4,813425;TRUE;FALSE;"OPEN";"2024-03-17T13:26:57Z";TRUE;15;5;13;2;0;2;20;69004
"10041";"lyon";"10041 - KIMMERLING";"1 PLACE KIMMERLING (VILLEURBANNE)";45,752923;4,898891;FALSE;FALSE;"OPEN";"2024-03-17T13:30:59Z";TRUE;0;16;0;0;0;0;16;69100
"2020";"lyon";"2020 - MUSÉE DES CONFLUENCES";"Parvis du musée des confluences";45,733388;4,818954;TRUE;FALSE;"OPEN";"2024-03-17T13:28:23Z";TRUE;20;0;8;12;0;12;20;69002
"17003";"lyon";"17003 - ST FONS - THEATRE";"";45,708123;4,861905;FALSE;FALSE;"OPEN";"2024-03-17T13:34:29Z";TRUE;16;2;6;10;0;10;18;69190
"4001";"lyon";"4001 - CONSERVATOIRE BIS";"";45,770392;4,814254;FALSE;FALSE;"OPEN";"2024-03-17T13:34:02Z";TRUE;2;19;1;1;0;1;22;69001
"5007";"lyon";"5007 - PLACE DE TRION";"Place de Trion";45,757916;4,81317;FALSE;TRUE;"OPEN";"2024-03-17T13:29:38Z";TRUE;6;9;6;0;0;0;16;69005
"3015";"lyon";"3015 - SERVIENT / GARIBALDI";"Angle rue Garibaldi";45,760779;4,85276;FALSE;FALSE;"OPEN";"2024-03-17T13:33:04Z";TRUE;2;29;1;2;0;2;32;69003
"8037";"lyon";"8037 - CAZENEUVE";"Rue Paul Cazeneuve - Angle du boulevard des Etats-Unis";45,734027;4,862906;TRUE;FALSE;"OPEN";"2024-03-17T13:31:45Z";TRUE;17;2;11;6;0;6;19;69008
"3010";"lyon";"3010 - PART-DIEU / CUIRASSIERS (FAR)";"Rue des Cuirassiers Lyon 3";45,7589457457871;4,85624511710564;TRUE;FALSE;"OPEN";"2024-03-17T13:25:00Z";TRUE;4;29;2;3;0;3;34;69003
"7018";"lyon";"7018 - LYCEE LOUISE LABE";"2 Rue Crépet 69007 Lyon";45,740279;4,832061;FALSE;FALSE;"OPEN";"2024-03-17T13:25:35Z";TRUE;9;11;4;5;0;5;20;69007
"2015";"lyon";"2015 - RÉPUBLIQUE / STELLA";"Côté est de la place";45,760698;4,836279;TRUE;FALSE;"OPEN";"2024-03-17T13:28:06Z";TRUE;5;22;5;0;0;0;27;69002
"10056";"lyon";"10056 - 11 NOVEMBRE / GASTON BERGER";"Avenue du 11 Nov./angle av Gaston Berger";45,779066;4,871581;FALSE;FALSE;"OPEN";"2024-03-17T13:25:28Z";TRUE;0;95;0;0;0;0;95;69100
"3029";"lyon";"3029 - PLACE ARISTIDE BRIAND";"Angle Gambetta";45,752967;4,850271;TRUE;FALSE;"OPEN";"2024-03-17T13:30:08Z";TRUE;28;10;13;15;0;15;38;69003
"10061";"lyon";"10061 - RÉPUBLIQUE";"Cours Emile Zola/Angle cours de la République";45,7708541;4,8726116;TRUE;FALSE;"OPEN";"2024-03-17T13:33:21Z";TRUE;5;12;3;2;0;2;17;69100
"4003";"lyon";"4003 - PLACE COMMANDANT  ARNAUD";"Angle rue de Belfort";45,779731;4,834708;FALSE;TRUE;"OPEN";"2024-03-17T13:28:47Z";TRUE;7;10;6;1;0;1;17;69004
"7064";"lyon";"7064 - CROUS";"96 RUE CHEVREUL";45,74541;4,847843;FALSE;FALSE;"OPEN";"2024-03-17T13:29:19Z";TRUE;1;16;1;0;0;0;17;69007
"4017";"lyon";"4017 - PLACE DES TAPIS";"Angle Bvd de la Croix-Rousse";45,776002;4,829628;FALSE;TRUE;"OPEN";"2024-03-17T13:30:54Z";TRUE;0;17;0;0;0;0;17;69004
"34001";"lyon";"34001 - NEUVILLE - QUAI PASTEUR";"";45,876622;4,838578;TRUE;FALSE;"OPEN";"2024-03-17T13:34:07Z";TRUE;9;10;3;6;0;6;20;69250
"3082";"lyon";"3082 - SAXE / MONCEY";"33 RUE MONCEY";45,757578;4,846117;FALSE;FALSE;"OPEN";"2024-03-17T13:31:29Z";TRUE;0;28;0;0;0;0;28;69003
"10046";"lyon";"10046 - CHARMETTES/ZOLA";"Rue des Charmettes/Angle Cours Emile Zola";45,770705;4,867201;TRUE;FALSE;"OPEN";"2024-03-17T13:34:55Z";TRUE;9;14;4;5;0;5;23;69100
"7046";"lyon";"7046 - PLACE DE L'ECOLE";"Angle rue de St Cloud";45,730083;4,82781;FALSE;FALSE;"OPEN";"2024-03-17T13:34:40Z";TRUE;6;22;2;4;0;4;28;69007
"7002";"lyon";"7002 - UNIVERSITÉS LYON III / LYON II";"Quai Claude Bernard";45,7511023770123;4,83615396294288;TRUE;FALSE;"OPEN";"2024-03-17T13:33:20Z";TRUE;33;6;20;13;0;13;39;69007
"3007";"lyon";"3007 - PLACE D'ARSONVAL";"A côté du stand de fleurs";45,743396;4,87897;TRUE;FALSE;"OPEN";"2024-03-17T13:30:54Z";TRUE;28;4;22;6;0;6;32;69003
"3006";"lyon";"3006 - VILLETTE / SAINT-ANTOINE";"";45,762876;4,862249;TRUE;FALSE;"OPEN";"2024-03-17T13:32:44Z";TRUE;11;12;6;5;0;5;23;69003
"6007";"lyon";"6007 - MASSÉNA";"Angle Cours Vitton";45,769654;4,852366;TRUE;FALSE;"OPEN";"2024-03-17T13:34:58Z";TRUE;1;26;1;0;0;0;27;69006
"1037";"lyon";"1037 - CHAZETTE LASSAGNE";"";45,77291;4,837315;FALSE;FALSE;"OPEN";"2024-03-17T13:28:42Z";TRUE;0;20;0;0;0;0;20;69001
"202";"lyon";"00202 - PLATINE PLAISIR BEE";"plaisir : Latitude : 48,79997371   Longitude:1,94620213
Villeurbanne : Latitude : 45,780403    Longitude :4,905";48,79997371;1,94620213;FALSE;TRUE;"OPEN";"2024-03-17T13:30:13Z";TRUE;4;5;2;2;0;2;9;78370
"9051";"lyon";"9051 - ANDREI SAKHAROV";"373 AV. ANDREI SAKHAROV";45,786546;4,797107;TRUE;TRUE;"OPEN";"2024-03-17T13:29:04Z";TRUE;7;5;7;0;0;0;12;69009
"7012";"lyon";"7012 - MERIEUX / PAVILLONS";"246 RUE MARCEL MERIEUX";45,7291359373026;4,8301170098658;FALSE;FALSE;"OPEN";"2024-03-17T13:33:04Z";TRUE;15;1;8;7;0;7;16;69007
"7049";"lyon";"7049 - CITÉ SCOLAIRE INTERNATIONALE";"27–33 Rue Alexander Fleming 69007 Lyon";45,727951;4,823563;FALSE;FALSE;"OPEN";"2024-03-17T13:29:54Z";TRUE;8;17;5;3;0;3;25;69007
"6005";"lyon";"6005 - PLACE EDGAR QUINET";"Devant le lycée";45,765811;4,844767;TRUE;FALSE;"OPEN";"2024-03-17T13:26:50Z";TRUE;0;19;0;0;0;0;20;69006
"10102";"lyon";"10102 - DOUA / GASTON BERGER";"ave G. Berger";45,781008;4,871219;FALSE;FALSE;"OPEN";"2024-03-17T13:34:32Z";TRUE;29;1;22;7;0;7;30;69100
"6023";"lyon";"6023 - QUAI SARRAIL";"Niveau rue de Sèze";45,766821;4,841095;TRUE;FALSE;"OPEN";"2024-03-17T13:27:34Z";TRUE;2;12;0;2;0;2;14;69006
"7034";"lyon";"7034 - PISCINE DU RHÔNE";"Sur le quai devant l'entrée de la piscine";45,753705;4,838283;TRUE;FALSE;"OPEN";"2024-03-17T13:33:12Z";TRUE;29;2;14;15;0;15;31;69007
"1020";"lyon";"1020 - TERREAUX / CHENAVARD";"Rue Chenavard - Côté place des Terreaux";45,766763;4,832942;TRUE;FALSE;"OPEN";"2024-03-17T13:27:43Z";TRUE;7;10;4;4;0;4;18;69001
"10064";"lyon";"10064 - 4 AOÛT 1789";"Angle Rue Rollet/Blanqui";45,764812;4,884311;FALSE;FALSE;"OPEN";"2024-03-17T13:32:25Z";TRUE;13;2;6;7;0;7;15;69100
"8050";"lyon";"8050 - BATAILLE / KRÜGER";"";45,736219;4,879855;FALSE;FALSE;"OPEN";"2024-03-17T13:27:18Z";TRUE;7;11;2;5;0;5;18;69008
"10015";"lyon";"10015 - POUDRETTE / MUSSET";"";45,757936;4,921156;FALSE;FALSE;"OPEN";"2024-03-17T13:25:50Z";TRUE;0;18;0;0;0;0;18;69100
"7010";"lyon";"7010 - CENTRE BERTHELOT";"Rue Pasteur - Angle avenue Berthelot";45,747358;4,836009;TRUE;FALSE;"OPEN";"2024-03-17T13:32:30Z";TRUE;18;0;14;4;0;4;19;69007
"30001";"lyon";"30001 - RILLIEUX - CANELLAS";"";45,805207;4,88477;TRUE;TRUE;"OPEN";"2024-03-17T13:30:07Z";TRUE;4;8;2;2;0;2;12;69140
"8020";"lyon";"8020 - MOULIN A VENT";"";45,729714;4,854338;TRUE;FALSE;"OPEN";"2024-03-17T13:28:45Z";TRUE;6;16;4;2;0;2;22;69200
"10101";"lyon";"10101 - EINSTEIN / 11 NOVEMBRE 1918";"43 BVD DU 11 NOVEMBRE 1918 (VILLEURBANNE)";45,779429;4,873992;TRUE;FALSE;"OPEN";"2024-03-17T13:34:24Z";TRUE;8;86;5;3;0;3;94;69100
"11001";"lyon";"11001 - CALUIRE - GARE DE CUIRE";"2 RUE CLAUDE BERNARD (CALUIRE ET CUIRE)";45,785796;4,833733;TRUE;TRUE;"OPEN";"2024-03-17T13:27:11Z";TRUE;2;14;2;0;0;0;16;69300
"7022";"lyon";"7022 - JAURÈS / LAGRANGE";"16 Impasse du Pré Gaudry 69007 Lyon";45,743975;4,841463;TRUE;FALSE;"OPEN";"2024-03-17T13:29:58Z";TRUE;25;4;10;15;0;15;30;69007
"3102";"lyon";"3102 - DOCTEUR LONG / CAILLE";"135 COURS DOCTEUR LONG";45,75254;4,894272;FALSE;FALSE;"OPEN";"2024-03-17T13:33:30Z";TRUE;0;16;0;0;0;0;16;69003
"16004";"lyon";"16004 - VENISSIEUX PARILLY";"";45,719746;4,888457;TRUE;FALSE;"OPEN";"2024-03-17T13:27:57Z";TRUE;7;18;3;4;0;4;25;69200
"10088";"lyon";"10088 - 4 AOÛT 1789 / PRESSENSÉ";"COURS EMILE ZOLA (VILLEURBANNE)";45,76611;4,898539;TRUE;FALSE;"OPEN";"2024-03-17T13:31:40Z";TRUE;11;8;6;5;0;5;19;69100
"7020";"lyon";"7020 - PARC DE GERLAND";"Allée Pierre de Coubertin";45,724352;4,826821;TRUE;FALSE;"OPEN";"2024-03-17T13:27:31Z";TRUE;23;3;3;20;0;20;26;69007
"10031";"lyon";"10031 - CROIX LUIZET";"sur la place Croix Luizet";45,780679;4,88356;FALSE;FALSE;"OPEN";"2024-03-17T13:34:29Z";TRUE;13;8;7;6;0;6;22;69100
"5054";"lyon";"5054 - CHAMPVERT";"192 AV. BARTHELEMY BUYER";45,763906;4,792643;FALSE;TRUE;"OPEN";"2024-03-17T13:33:33Z";TRUE;6;12;4;2;0;2;18;69009
"7025";"lyon";"7025 - LACOUR / ARTILLERIE";"";45,729454;4,844228;TRUE;FALSE;"OPEN";"2024-03-17T13:31:54Z";TRUE;19;1;14;5;0;5;20;69007
"4011";"lyon";"4011 - PLACE JOANNÈS AMBRE";"Place Jean Ambre";45,781574;4,832866;TRUE;TRUE;"OPEN";"2024-03-17T13:30:27Z";TRUE;6;14;5;1;0;1;20;69004
"1002";"lyon";"1002 - OPÉRA";"Angle rue Serlin - Angle place de la comédie";45,767611;4,836619;TRUE;FALSE;"OPEN";"2024-03-17T13:34:16Z";TRUE;2;38;3;0;0;0;41;69001
"2042";"lyon";"2042 - JOFFRE / VAUBECOUR";"43 RUE VAUBECOUR";45,751873;4,824763;FALSE;FALSE;"OPEN";"2024-03-17T13:30:19Z";TRUE;15;5;6;9;0;9;20;69002
"16003";"lyon";"16003 - VÉNISSIEUX - JOLIOT CURIE / SEMBAT";"";45,71532;4,878337;FALSE;FALSE;"OPEN";"2024-03-17T13:32:12Z";TRUE;22;3;13;9;0;9;25;69200
"9032";"lyon";"9032 - PLACE DU PORT MOUTON";"Quai Arloing, Côté Saône";45,773815;4,809566;TRUE;FALSE;"OPEN";"2024-03-17T13:32:30Z";TRUE;5;13;0;5;0;5;18;69009
"14005";"lyon";"14005 - BRON - UNIVERSITE";"";45,72284;4,915219;TRUE;FALSE;"OPEN";"2024-03-17T13:25:36Z";TRUE;6;24;5;1;0;1;30;69500
"11002";"lyon";"11002 - CALUIRE - SAINT-CLAIR";"49 COURS ARISTIDE BRIAND (CALUIRE)";45,785465;4,847838;TRUE;FALSE;"OPEN";"2024-03-17T13:31:55Z";TRUE;19;1;11;8;0;8;20;69300
"3003";"lyon";"3003 - PART-DIEU / DERUELLE";"Face rue Massena, entrée centre commercial";45,762974;4,855071;TRUE;FALSE;"OPEN";"2024-03-17T13:33:12Z";TRUE;7;22;2;5;0;5;30;69003
"9002";"lyon";"9002 - MAIRIE DU 9E";"Prox. métro Valmy";45,774241;4,805676;TRUE;FALSE;"OPEN";"2024-03-17T13:34:55Z";TRUE;7;18;4;5;0;5;27;69009
"10116";"lyon";"10116 - BLUM / FAYS";"";45,760526;4,905877;FALSE;FALSE;"OPEN";"2024-03-17T13:27:17Z";TRUE;11;4;6;6;0;6;16;69100
"10010";"lyon";"10010 - BAUDIN / ZOLA";"12 rue baudin
Villeurbanne";45,7651045967603;4,90512854660767;FALSE;FALSE;"OPEN";"2024-03-17T13:33:19Z";TRUE;8;8;6;2;0;2;16;69100
"10039";"lyon";"10039 - BOUVIER";"Rue Professeur Bouvier/Angle rue du 8 mai 1945";45,779487;4,891692;FALSE;FALSE;"OPEN";"2024-03-17T13:29:36Z";TRUE;12;3;9;3;0;3;16;69100
"6006";"lyon";"6006 - BOULEVARD DES BELGES";"Boulevard des Belges - Angle rue Duquesne";45,773304;4,852001;TRUE;FALSE;"OPEN";"2024-03-17T13:34:59Z";TRUE;6;9;3;3;0;3;15;69006
"12005";"lyon";"12005 - VAULX - VILLAGE";"";45,786262;4,926788;FALSE;FALSE;"OPEN";"2024-03-17T13:30:33Z";TRUE;16;4;6;10;0;10;20;69120
"10002";"lyon";"10002 - INSA";"Avenue Albert Einstein au niveau du virage";45,782222;4,876951;TRUE;FALSE;"OPEN";"2024-03-17T13:32:22Z";TRUE;18;95;13;6;0;6;115;69100
"7016";"lyon";"7016 - PLACE SAINT LOUIS";"Rue de la Madeleine - Angle rue St Lazarre";45,748925;4,847714;FALSE;FALSE;"OPEN";"2024-03-17T13:33:06Z";TRUE;7;8;3;4;0;4;15;69007
"5008";"lyon";"5008 - SAINTE-IRÉNÉE";"Place Sainte Irénée";45,754978;4,812427;FALSE;TRUE;"OPEN";"2024-03-17T13:30:25Z";TRUE;3;17;2;1;0;1;20;69005
"27001";"lyon";"27001 - COLLONGES - GARE";"";45,830874;4,846988;TRUE;FALSE;"OPEN";"2024-03-17T13:27:41Z";TRUE;7;17;2;5;0;5;24;69660
"34002";"lyon";"34002 - NEUVILLE - STADE";"";45,870877;4,839595;FALSE;FALSE;"OPEN";"2024-03-17T13:34:58Z";TRUE;8;7;3;5;0;5;15;69250
"12004";"lyon";"12004 - VAULX - HÔTEL DE VILLE";"";45,778178;4,920544;TRUE;FALSE;"OPEN";"2024-03-17T13:29:13Z";TRUE;12;18;9;3;0;3;30;69120
"10054";"lyon";"10054 - STALINGRAD / MELIÈS";"RUE GEORGES MELIES (VILLEURBANNE)";45,776715;4,859573;FALSE;FALSE;"OPEN";"2024-03-17T13:29:43Z";TRUE;4;20;1;3;0;3;24;69100
"1021";"lyon";"1021 - TERREAUX / BEAUX ARTS";"Rue Herriot - Devant Musée des Beaux Arts";45,767062;4,834294;TRUE;FALSE;"OPEN";"2024-03-17T13:33:49Z";TRUE;11;0;7;4;0;4;11;69001
"2007";"lyon";"2007 - PATINOIRE CHARLEMAGNE";"Angle rue Casimir Périer";45,742617;4,820464;TRUE;FALSE;"OPEN";"2024-03-17T13:30:16Z";TRUE;28;9;12;16;0;16;37;69002
"8004";"lyon";"8004 - MAIRIE DU 8E";"Devant la mairie du 8e";45,735158;4,872803;FALSE;FALSE;"OPEN";"2024-03-17T13:27:29Z";TRUE;4;17;0;4;0;4;21;69008
"3044";"lyon";"3044 - QUAI AUGAGNEUR";"Entre rue de Bonnel et rue Rabelais";45,762023;4,841053;TRUE;FALSE;"OPEN";"2024-03-17T13:34:28Z";TRUE;3;16;1;2;0;2;19;69003
"33001";"lyon";"33001 - ALBIGNY - GARE";"";45,874978;4,833024;TRUE;FALSE;"OPEN";"2024-03-17T13:33:09Z";TRUE;5;13;2;3;0;3;18;69250
"16005";"lyon";"16005 - VENISSIEUX - GARE";"";45,708509;4,886939;TRUE;FALSE;"OPEN";"2024-03-17T13:27:09Z";TRUE;7;18;6;1;0;1;25;69200
"10019";"lyon";"10019 - 4 AOUT / RACINE";"";45,764489;4,877894;FALSE;FALSE;"OPEN";"2024-03-17T13:31:35Z";TRUE;26;4;12;14;0;14;30;69100
"10025";"lyon";"10025 - TOTEM";"";45,763652;4,873158;TRUE;FALSE;"OPEN";"2024-03-17T13:34:57Z";TRUE;14;2;4;10;0;10;16;69100
"8034";"lyon";"8034 - BERTHELOT / VILLON";"Angle avenue Berthelot";45,738301;4,862727;FALSE;FALSE;"OPEN";"2024-03-17T13:28:42Z";TRUE;6;6;3;3;0;3;13;69008
"3084";"lyon";"3084 - DESAIX";"143 RUE PAUL BERT";45,757268;4,855193;FALSE;FALSE;"OPEN";"2024-03-17T13:32:58Z";TRUE;1;27;0;1;0;1;28;69003
"5026";"lyon";"5026 - RUE DE LA BALEINE";"Angle quai Romain Rolland";45,763383;4,829024;FALSE;FALSE;"OPEN";"2024-03-17T13:25:02Z";TRUE;1;13;0;1;0;1;14;69005
"3038";"lyon";"3038 - VIVIER MERLE / PAUL BERT EST";"Devant le bâtiment du Klesia";45,757147;4,858975;TRUE;FALSE;"OPEN";"2024-03-17T13:30:36Z";TRUE;8;12;6;2;0;2;20;69003
"11005";"lyon";"11005 - CALUIRE - PASSERELLE DE LA PAIX";"";45,787941;4,853035;TRUE;FALSE;"OPEN";"2024-03-17T13:27:00Z";TRUE;15;10;9;6;0;6;25;69300
"3019";"lyon";"3019 - PART-DIEU / DERUELLE";"Intersection Bd Vivier Merle - Rue Eugène Deruelle Lyon 3";45,76326;4,85749;TRUE;FALSE;"OPEN";"2024-03-17T13:33:01Z";TRUE;33;6;22;11;0;11;39;69003
"3079";"lyon";"3079 - PLACE LOUISE";"4 PLACE LOUISE";45,75118;4,884795;FALSE;FALSE;"OPEN";"2024-03-17T13:28:25Z";TRUE;0;16;0;0;0;0;16;69003
"2025";"lyon";"2025 - MERCIÈRE / FERRANDIÈRE";"Entre rue de Brest et rue Mercière";45,762054;4,833194;FALSE;FALSE;"OPEN";"2024-03-17T13:32:45Z";TRUE;2;8;2;0;0;0;10;69002
"7004";"lyon";"7004 - MAIRIE DU 7E";"Place Jean Macé - Face à la mairie";45,74656;4,842265;TRUE;FALSE;"OPEN";"2024-03-17T13:34:13Z";TRUE;21;7;4;17;0;17;30;69007
"5031";"lyon";"5031- MÉNIVAL / JOLIOT CURIE";"49 RUE JOLIOT CURIE";45,754654;4,78821;FALSE;TRUE;"OPEN";"2024-03-17T13:27:10Z";TRUE;5;15;3;2;0;2;20;69005
"12003";"lyon";"12003 - VAULX - BIBLIOTHEQUE";"";45,757092;4,92731;FALSE;FALSE;"OPEN";"2024-03-17T13:28:16Z";TRUE;9;6;5;4;0;4;15;69120
"25001";"lyon";"25001 - ST CYR";"";45,799742;4,819607;TRUE;TRUE;"OPEN";"2024-03-17T13:26:04Z";TRUE;2;10;0;2;0;2;12;69450
"5041";"lyon";"5041 - L'HOMME DE LA ROCHE";"55 QUAI PIERRE SCIZE";45,766576;4,820214;TRUE;FALSE;"OPEN";"2024-03-17T13:29:19Z";TRUE;10;11;7;3;0;3;21;69005
"5009";"lyon";"5009 - PLACE ENNEMOND FOUSSERET";"angle quai de Bondy";45,764695;4,828969;TRUE;FALSE;"OPEN";"2024-03-17T13:32:39Z";TRUE;0;16;0;0;0;0;16;69005
"3034";"lyon";"3034 - GARIBALDI / PENSIONNAT";"";45,754727;4,85346;TRUE;FALSE;"OPEN";"2024-03-17T13:29:55Z";TRUE;17;13;9;8;0;8;30;69003
"8030";"lyon";"8030 - LAËNNEC";"Angle rue Nungesser et Coli";45,741425;4,879733;FALSE;FALSE;"OPEN";"2024-03-17T13:34:07Z";TRUE;15;1;7;8;0;8;16;69008
"5036";"lyon";"5036 - LA SALETTE";"104 RUE DU COMMANDANT CHARCOT";45,749627;4,795546;FALSE;TRUE;"OPEN";"2024-03-17T13:25:52Z";TRUE;6;9;5;1;0;1;15;69005
"8003";"lyon";"8003 - CLAUDE BERNARD LYON I";"Devant entrée de la fac";45,738135;4,886885;FALSE;FALSE;"OPEN";"2024-03-17T13:25:53Z";TRUE;0;16;0;0;0;0;16;69008
"3100";"lyon";"3100 - SISLEY / DAUPHINE";"61 RUE DU DAUPHINE";45,7524835251712;4,8687553636982;TRUE;FALSE;"OPEN";"2024-03-17T13:30:06Z";TRUE;6;8;2;4;0;4;17;69003
"28002";"lyon";"28002 - FONTAINES S/S - GAMBETTA";"";45,835406;4,8457;FALSE;FALSE;"OPEN";"2024-03-17T13:33:29Z";TRUE;14;6;4;10;0;10;20;69270
"10027";"lyon";"10027 - MAIRIE DE VILLEURBANNE";"Avenue Aristide Briand, en face de la mairie";45,766861;4,880059;TRUE;FALSE;"OPEN";"2024-03-17T13:31:19Z";TRUE;12;14;7;5;0;5;26;69100
"1012";"lyon";"1012 - AMPÈRE / BOURSE";"Rue de la Bourse - Long du Collège-Lycée Ampère";45,765789;4,836906;TRUE;FALSE;"OPEN";"2024-03-17T13:34:44Z";TRUE;2;24;0;2;0;2;26;69002
"10036";"lyon";"10036 - STALINGRAD";"Boulevard Stalingrad/angle rue Charlie Chaplin";45,77435;4,859157;FALSE;FALSE;"OPEN";"2024-03-17T13:31:54Z";TRUE;2;19;1;1;0;1;21;69100
"2018";"lyon";"2018 - HOTEL DIEU / PONT DE LA GUILLOTIERE";"";45,757571;4,837183;TRUE;FALSE;"OPEN";"2024-03-17T13:26:07Z";TRUE;10;40;6;4;0;4;50;69002
"2030";"lyon";"2030 - RÉPUBLIQUE / POULAILLERIE";"Angle Poulaillerie / République";45,764079;4,835554;TRUE;FALSE;"OPEN";"2024-03-17T13:33:44Z";TRUE;17;15;12;5;0;5;32;69002
"8051";"lyon";"8051 - HÔPITAL SAINT-JEAN DE DIEU";"303 ROUTE DE VIENNE (VENISSIEUX)";45,724172;4,854165;FALSE;FALSE;"OPEN";"2024-03-17T13:28:33Z";TRUE;8;12;1;7;0;7;20;69200
"7057";"lyon";"7057 - JAURES / BOLLIER";"217b–221 Avenue Jean Jaurès 69007 Lyon";45,734712;4,835486;TRUE;FALSE;"OPEN";"2024-03-17T13:32:25Z";TRUE;34;0;16;18;0;18;34;69007
"17001";"lyon";"17001 - ST FONS - ARSENAL";"";45,712362;4,855202;FALSE;FALSE;"OPEN";"2024-03-17T13:29:27Z";TRUE;6;21;4;2;0;2;27;69190
"7052";"lyon";"7052 - PARC BLANDAN";"Rue de l'Epargne";45,745939;4,851214;FALSE;FALSE;"OPEN";"2024-03-17T13:32:43Z";TRUE;11;14;8;3;0;3;25;69007
"7001";"lyon";"7001 - PLACE GABRIEL PÉRI";"Place Gabriel Péri";45,7550229384571;4,84393624921001;TRUE;FALSE;"OPEN";"2024-03-17T13:28:35Z";TRUE;13;6;5;8;0;8;20;69003
"6036";"lyon";"6036 - MUSÉE D'ART CONTEMPORAIN";"Allée A. Lignon";45,783885;4,852156;TRUE;FALSE;"OPEN";"2024-03-17T13:31:30Z";TRUE;7;16;3;4;0;4;23;69006
"7005";"lyon";"7005 - DEBOURG";"Avenue Debourg - Angle avenue Jean Jaurès";45,73182;4,833996;TRUE;FALSE;"OPEN";"2024-03-17T13:32:57Z";TRUE;18;2;8;10;0;10;20;69007
"8052";"lyon";"8052 - CLINIQUE MONPLAISIR";"2 AV. DES FRERES LUMIERE";45,747091;4,860196;FALSE;FALSE;"OPEN";"2024-03-17T13:29:12Z";TRUE;8;8;5;3;0;3;16;69008
"6011";"lyon";"6011- MAIRIE DU 6E";"Angle rue Boileau";45,768395;4,849402;FALSE;FALSE;"OPEN";"2024-03-17T13:29:36Z";TRUE;3;20;2;1;0;1;23;69006
"7061";"lyon";"7061 - JAURES / UNIVERSITE";"64 AV. JEAN JAURES";45,748545;4,843249;FALSE;FALSE;"OPEN";"2024-03-17T13:27:58Z";TRUE;14;6;7;7;0;7;20;69007
"10013";"lyon";"10013 - CUSSET";"103 RUE PIERRE VOYANT (VILLEURBANNE)";45,764961;4,901018;FALSE;FALSE;"OPEN";"2024-03-17T13:25:58Z";TRUE;0;20;0;0;0;0;20;69100
"2005";"lyon";"2005 - CONFLUENCE HÔTEL DE RÉGION";"101 cours Charlemagne Lyon 2 direction centre ville. Devant l'hôtel de Région";45,740675;4,819284;TRUE;FALSE;"OPEN";"2024-03-17T13:34:32Z";TRUE;20;11;10;11;0;11;32;69002
"1032";"lyon";"1032 - PIZAY";"17 RUE PIZAY";45,767165;4,836334;TRUE;FALSE;"OPEN";"2024-03-17T13:33:55Z";TRUE;7;15;6;1;0;1;22;69001
"5030";"lyon";"5030 - CHARCOT / RÉSIDENCE UNIVERSITAIRE";"Angle rue du fort Ste Irénée / Charcot";45,755054;4,807811;TRUE;TRUE;"OPEN";"2024-03-17T13:27:48Z";TRUE;7;25;7;0;0;0;32;69005
"8039";"lyon";"8039 - PIERRE DELORE";"97 ROUTE DE VIENNE";45,738617;4,852412;TRUE;FALSE;"OPEN";"2024-03-17T13:33:17Z";TRUE;1;19;0;1;0;1;20;69008
"7062";"lyon";"7062 - GARIBALDI / DOMER";"51 RUE DOMER";45,747735;4,85162;TRUE;FALSE;"OPEN";"2024-03-17T13:28:34Z";TRUE;2;17;2;0;0;0;19;69007
"2002";"lyon";"2002 - BELLECOUR / ST EXUPÉRY";"PLACE BELLECOUR Côté rue Lintier";45,758149;4,830428;TRUE;FALSE;"OPEN";"2024-03-17T13:31:25Z";TRUE;25;15;1;24;0;24;40;69002
"3087";"lyon";"3087 - PART-DIEU / GARIBALDI";"4 BVD EUGENE DERUELLE";45,762768;4,852563;TRUE;FALSE;"OPEN";"2024-03-17T13:26:36Z";TRUE;2;18;2;0;0;0;20;69003
"9004";"lyon";"9004 - GARE DE VAISE";"Face entrée de la gare";45,779786;4,804666;TRUE;FALSE;"OPEN";"2024-03-17T13:30:45Z";TRUE;18;4;10;8;0;8;22;69009
"8002";"lyon";"8002- PLACE AMBROISE COURTOIS";"Face au cours Albert Thomas";45,745296;4,871604;TRUE;FALSE;"OPEN";"2024-03-17T13:34:44Z";TRUE;17;3;15;2;0;2;20;69008
"10007";"lyon";"10007 - PIATON / CONDORCET";"Av Piaton / angle Condorcet";45,774204;4,867512;FALSE;FALSE;"OPEN";"2024-03-17T13:33:20Z";TRUE;3;17;0;3;0;3;20;69100
"9033";"lyon";"9033 - GORGE DE LOUP";"49 RUE SGT BERTHET";45,767484;4,805626;TRUE;FALSE;"OPEN";"2024-03-17T13:34:45Z";TRUE;3;37;2;1;0;1;40;69009
"5001";"lyon";"5001 - PLACE VARILLON (FUNICULAIRE ST JUST)";"Devant le n°63 rue de Trion";45,757319;4,815064;TRUE;TRUE;"OPEN";"2024-03-17T13:34:53Z";TRUE;7;16;7;0;0;0;23;69005
"3018";"lyon";"3018 - CRÉQUI / VOLTAIRE";"Angle rue Paul Bert";45,756596;4,848442;TRUE;FALSE;"OPEN";"2024-03-17T13:32:21Z";TRUE;3;27;3;0;0;0;30;69003
